"num","time"
1,"2012年1月13日  周五  21：40"
2,"2012年1月14日  周六  21：41"
3,"2012年1月15日   周日  21：53 "
4,"2012年1月16日  周一  21：58"
5,"2012年1月17日  周二  21：45"
6,"2012年1月18日  周三  21：51"
7,"2012年1月19日  周四  22：01"
8,"2012年1月20日  周五  21：43"
9,"2012年1月21日  周六  21：35"
10,"2012年1月22日  周日  21：53"
11,"2012年1月23日  周一  21：55"
12,"2012年1月25日  周三  22：06"
13,"2012年1月26日  周四  21：42"
14,"2012年1月27日  周五  21：55"
15,"2012年1月28日  周六  22：10"
16,"2012年1月29日  周日  22：05"
17,"2012年1月30日  周一  21：45"
18,"2012年1月31日  周二  21：58"
19,"2012年2月1日  周三  21：31"
20,"2012年2月2日  周四  21：32"
21,"2012年2月3日  周五  21：52"
22,"2012年2月4日  周六  21：54"
23,"2012年2月5日  周日  21：58"
24,"2012年2月6日  周一  22：06"
25,"2012年2月7日  周二  21：44"
26,"2012年2月9日  周四  08：47"
27,"2012年2月10日  周五  20：57"
28,"2012年2月11日  周六  21：38"
29,"2012年2月12日  周日  21：03"
30,"2012年2月13日  周一  21：27"
31,"2012年2月14日  周二  21：30"
32,"2012年2月15日  周三  21：22"
33,"2012年2月16日  周四  21：32"
34,"2012年2月17日  周五  21：51"
35,"2012年2月18日  周六  21：34"
36,"2012年2月19日  周日  21：44"
37,"2012年2月20日  周一  21：56"
38,"2012年2月21日  周二  21：36"
39,"2012年2月22日  周三  21：54"
40,"2012年2月23日  周四  21：49"
41,"2012年2月24日  周五  21：42"
42,"2012年2月25日  周六  21：55"
43,"2012年2月26日  周日  21：58"
44,"2012年2月27日  周一  21：45"
45,"2012年2月28日  周二  21：49"
46,"2012年2月29日  周三  22：02"
47,"2012年3月1日  周四  21：41"
48,"2012年3月2日  周五  22：10"
49,"2012年3月3日  周六  19：15"
50,"2012年3月4日  周日  21：46"
51,"2012年3月5日  周一  21：48"
52,"2012年3月6日  周二  21：55"
53,"2012年3月7日  周三  21：46"
54,"2012年3月8日  周四  20：35"
55,"2012年3月9日  周五  21：29"
56,"2012年3月10日  周六  20：32"
57,"2012年3月11日  周日  21：22"
58,"2012年3月12日  周一  21：22"
59,"2012年3月13日  周二  20：58"
60,"2012年3月14日  周三  21：08"
61,"2012年3月15日  周四  21：22"
62,"2012年3月16日  周五  22：06"
63,"2012年3月17日  周六  21：50"
64,"2012年3月18日  周日  20：50"
65,"2012年3月19日  周一  20：24"
66,"2012年3月20日  周二  21：47"
67,"2012年3月21日  周三  21：47"
68,"2012年3月22日  周四  21：54"
69,"2012年3月23日  周五  21：46"
70,"2012年3月24日  周六  21：34"
71,"2012年3月25日  周日  21：15"
72,"2012年3月26日  周一  21：40"
73,"2012年3月27日  周二  21：56"
74,"2012年3月28日  周三  21：58"
75,"2012年3月29日  周四  20：47"
76,"2012年3月30日  周五  21：22"
77,"2012年3月31日  周六  21：34"
78,"2012年4月1日  周日  22：12"
79,"2012年4月2日  周一  21：37"
80,"2012年4月3日  周二  21：39"
81,"2012年4月4日  周三  21：20"
82,"2012年4月5日  周四  21：17"
83,"2012年4月6日  周五  21：21"
84,"2012年4月7日  周六  21：45"
85,"2012年4月8日  周日  21：36"
86,"2012年4月9日  周一  21：38"
87,"2012年4月10日  周二  21：54"
88,"2012年4月11日  周三  21：38"
89,"2012年4月12日  周四  21：10"
90,"2012年4月14日  周六  21：31"
91,"2012年4月15日  周日  21：32"
92,"2012年4月16日  周一  22：20"
93,"2012年4月17日  周二  21：45"
94,"2012年4月18日  周三  21：26"
95,"2012年4月19日  周四  21：32"
96,"2012年4月20日  周五  21：44"
97,"2012年4月21日  周六  20：36"
98,"2012年4月22日  周日  21：34"
99,"2012年4月24日  周二  21：22"
100,"2012年4月25日  周三  21：47"
101,"2012年4月26日  周四  22：22"
102,"2012年4月27日  周五  22：11"
103,"2012年4月29日  周日  21：15"
104,"2012年4月30日  周一  22：11"
105,"2012年5月1日  周二  20：51"
106,"2012年5月2日  周三  21：19"
107,"2012年5月3日  周四  21：01"
108,"2012年5月4日  周五  21：03"
109,"2012年5月5日  周六  21：28"
110,"2012年5月6日  周日  21：15"
111,"2012年5月7日  周一  21：15"
112,"2012年5月8日  周二  21：39"
113,"2012年5月9日  周三  21：28"
114,"2012年5月10日  周四  21：48"
115,"2012年5月11日  周五  21：41"
116,"2012年5月12日  周六  21：37"
117,"2012年5月13日  周日  21：19"
118,"2012年5月14日  周一  21：27"
119,"2012年5月16日  周三  22：16"
120,"2012年5月17日  周四  21：46"
121,"2012年5月18日  周五  21：56"
122,"2012年5月19日  周六  21：38"
123,"2012年5月20日  周日  21：19"
124,"2012年5月21日  周一  21：54"
125,"2012年5月22日  周二  20：55"
126,"2012年5月23日  周三  21：56"
127,"2012年5月24日  周四  21：34"
128,"2012年5月25日  周五  20：56"
129,"2012年5月26日  周六  21：36"
130,"2012年5月27日  周日  21：28"
131,"2012年5月28日  周一  21：26"
132,"2012年5月29日  周二  20：49"
133,"2012年5月30日  周三  21：18"
134,"2012年5月31日  周四  21：38"
135,"2012年6月1日  周五  21：24"
136,"2012年6月2日  周六  21：23"
137,"2012年6月3日  周日  21：57"
138,"2012年6月5日  周二  21：36"
139,"2012年6月6日  周三  21：07"
140,"2012年6月7日  周四  21：06"
141,"2012年6月8日  周五  21：17"
142,"2012年6月9日  周六  21：27"
143,"2012年6月10日  周日  21：13"
144,"2012年6月11日  周一  21：03"
145,"2012年6月12日  周二  22：15"
146,"2012年6月13日  周三  21：16"
147,"2012年6月14日  周四  21：42"
148,"2012年6月15日  周五  21：26"
149,"2012年6月16日  周六  21：07"
150,"2012年6月17日  周日  21：05"
151,"2012年6月18日  周一  21：06"
152,"2012年6月19日  周二  21：41"
153,"2012年6月20日  周三  21：48"
154,"2012年6月22日  周五  20：21"
155,"2012年6月23日  周六  21：55"
156,"2012年6月24日  周日  21：12"
157,"2012年6月25日  周一  21：30"
158,"2012年6月26日  周二  21：19"
159,"2012年6月27日  周三  21：44"
160,"2012年6月28日  周四  21：26"
161,"2012年6月29日  周五  21：36"
162,"2012年6月30日  周六  21：35"
163,"2012年7月1日  周日  21：11"
164,"2012年7月2日  周一  21：54"
165,"2012年7月3日  周二  21：56"
166,"2012年7月4日  周三  22：29"
167,"2012年7月5日  周四  21：12"
168,"2012年7月6日  周五  21：32"
169,"2012年7月7日  周六  21：35"
170,"2012年7月8日  周日  21：54"
171,"2012年7月9日  周一  21：27"
172,"2012年7月11日  周三  22：14"
173,"2012年7月12日  周四  21：21"
174,"2012年7月13日  周五  22：13"
175,"2012年7月14日  周六  21：45"
176,"2012年7月15日  周日  21：22"
177,"2012年7月16日  周一  21：47"
178,"2012年7月17日  周二  22：19"
179,"2012年7月18日  周三  21：14"
180,"2012年7月19日  周四  21：26"
181,"2012年7月20日  周五  21：14"
182,"2012年7月21日  周六  21：04"
183,"2012年7月22日  周日  21：59"
184,"2012年7月23日  周一  21：53"
185,"2012年7月24日  周二  21：41"
186,"2012年7月25日  周三  20：44"
187,"2012年7月26日  周四  22：12"
188,"2012年7月27日  周五  22：03"
189,"2012年7月28日  周六  21：11"
190,"2012年7月29日  周日  21：12"
191,"2012年7月30日  周一  21：20"
192,"2012年7月31日  周二  22：05"
193,"2012年8月1日  周三  21：41"
194,"2012年8月3日  周五  21：15"
195,"2012年8月4日  周四  21：47"
196,"2012年8月5日  周日  21：32"
197,"2012年8月6日  周一  21：52"
198,"2012年8月7日  周二  21：20"
199,"2012年8月8日  周三  21：25"
200,"2012年8月9日  周四  21：57"
201,"2012年8月10日  周五  21：16"
202,"2012年8月11日  周六  20：50"
203,"2012年8月12日  周日  21：16"
204,"2012年8月13日  周一  21：15"
205,"2012年8月14日  周二  21：24"
206,"2012年8月15日  周三  21：36"
207,"2012年8月16日  周四  21：10"
208,"2012年8月17日  周五  21：40"
209,"2012年8月18日  周六  21：05"
210,"2012年8月19日  周日  21：13"
211,"2012年8月20日  周一  21：17"
212,"2012年8月21日  周二  21：23"
213,"2012年8月22日  周三  21：26"
214,"2012年8月23日  周四  20：53"
215,"2012年8月24日  周五  21：10"
216,"2012年8月25日  周六  21：23"
217,"2012年8月26日  周日  21：28"
218,"2012年8月27日  周一  21：15"
219,"2012年8月28日  周二  21：18"
220,"2012年8月29日  周三  21：11"
221,"2012年8月30日  周四  21：06"
222,"2012年8月31日  周五  21：23"
223,"2012年9月1日  周六  21：25"
224,"2012年9月2日  周日  21：00"
225,"2012年9月3日  周一  21：15"
226,"2012年9月4日  周二  21：02"
227,"2012年9月5日  周三  21：27"
228,"2012年9月6日  周四  21：32"
229,"2012年9月7日  周五  20：55"
230,"2012年9月8日  周六  20：56"
231,"2012年9月9日  周日  21：00"
232,"2012年9月10日  周一  21：23"
233,"2012年9月11日  周二  21：12"
234,"2012年9月12日  周三  21：07"
235,"2012年9月13日  周四  21：24"
236,"2012年9月14日  周五  22：47"
237,"2012年9月15日  周六  21：31"
238,"2012年9月16日  周日  20：57"
239,"2012年9月17日  周一  21：58"
240,"2012年9月18日  周二  21：31"
241,"2012年9月19日  周三  21：35"
242,"2012年9月20日  周四  21：59"
243,"2012年9月21日  周五  22：21"
244,"2012年9月22日  周六  21：32"
245,"2012年9月23日  周日  21：18"
246,"2012年9月24日  周一  23：06"
247,"2012年9月25日  周二  20：57"
248,"2012年9月26日  周三  20：04"
249,"2012年9月27日  周四  22：43"
250,"2012年9月28日  周五  21：35"
251,"2012年9月29日  周六  21：44"
252,"2012年9月30日  周日  20：46"
253,"2012年10月1日  周一  22：21"
254,"2012年10月2日  周二  21：27"
255,"2012年10月3日  周三  21：45"
256,"2012年10月4日  周四  21：17"
257,"2012年10月5日  周五  21：02"
258,"2012年10月6日  周六  21：23"
259,"2012年10月7日  周日  20：59"
260,"2012年10月8日  周一  21：16"
261,"2012年10月12日  周五  21：34"
262,"2012年10月14日  周日  20：27"
263,"2012年10月15日  周一  20：43"
264,"2012年10月16日  周二  21：21"
265,"2012年10月17日  周三  21：33"
266,"2012年10月18日  周四  21：01"
267,"2012年10月19日  周五  21：00"
268,"2012年10月20日  周六  21：09"
269,"2012年10月21日  周日  20：21"
270,"2012年10月22日  周一  20：04"
271,"2012年10月25日  周四  21：31"
272,"2012年10月26日  周五  21：05"
273,"2012年10月27日  周六  20：47"
274,"2012年10月29日  周一  21：18"
275,"2012年10月30日  周二  21：18"
276,"2012年10月31日  周三  21：21"
277,"2012年11月1日  周四  21：08"
278,"2012年11月2日  周五  21：11"
279,"2012年11月3日  周六  20：56"
280,"2012年11月4日  周日  21：47"
281,"2012年11月5日  周一  21：03"
282,"2012年11月6日  周二  21：03"
283,"2012年11月7日  周三  21：18"
284,"2012年11月8日  周四  21：20"
285,"2012年11月9日  周五  21：23"
286,"2012年11月10日  周六  21：18"
287,"2012年11月11日  周日  21：07"
288,"2012年11月12日  周一  21：29"
289,"2012年11月13日  周二  21：33"
290,"2012年11月14日  周三  21：01"
291,"2012年11月15日  周四  22：07"
292,"2012年11月16日  周五  21：30"
293,"2012年11月17日  周六  21：22"
294,"2012年11月18日  周日  21：32"
295,"2012年11月19日  周一  21：13"
296,"2012年11月20日  周二  21：10"
297,"2012年11月21日  周三  21：01"
298,"2012年11月22日  周四  21：15"
299,"2012年11月23日  周五  21：41"
300,"2012年11月24日  周六  21：20"
301,"2012年11月25日  周日  20：56"
302,"2012年11月26日  周一  21：17"
303,"2012年11月27日  周二  20：54"
304,"2012年11月28日  周三  21：09"
305,"2012年11月29日  周四  21：10"
306,"2012年11月30日  周五  21：12"
307,"2012年12月1日  周六  21：05"
308,"2012年12月2日  周日  21：05"
309,"2012年12月3日  周一  21：21"
310,"2012年12月4日  周二  21：29"
311,"2012年12月5日  周三  21：28"
312,"2012年12月6日  周四  21：34"
313,"2012年12月7日  周五  21：13"
314,"2012年12月8日  周六  20：48"
315,"2012年12月9日  周日  21：17"
316,"2012年12月10日  周一  21：09"
317,"2012年12月11日  周二  21：23"
318,"2012年12月12日  周三  21：14"
319,"2012年12月14日  周五  21：11"
320,"2012年12月15日  周六  21：15"
321,"2012年12月16日  周日  21：32"
322,"2012年12月17日  周一  21：14"
323,"2012年12月18日  周二  21：08"
324,"2012年12月19日  周三  21：13"
325,"2012年12月20日  周四  21：05"
326,"2012年12月21日  周五  21：23"
327,"2012年12月22日  周六  21：18"
328,"2012年12月23日  周日  20：58"
329,"2012年12月24日  周一  22：56"
330,"2012年12月25日  周二  21：05"
331,"2012年12月26日  周三  21：05"
332,"2012年12月27日  周四  22：33"
333,"2012年12月28日  周五  21：02"
334,"2012年12月29日  周六  21：30"
335,"2012年12月30日  周日  21：14"
336,"2012年12月31日  周一  21：40"
337,"2013年1月1日  周二  21：17"
338,"2013年1月2日  周三  20：48"
339,"2013年1月3日  周四  21：20"
340,"2013年1月4日  周五  21：43"
341,"2013年1月5日  周六  21：14"
342,"2013年1月6日  周日  21：33"
343,"2013年1月7日  周一  21：38"
344,"2013年1月8日  周二  20：54"
345,"2013年1月9日  周三  21：21"
346,"2013年1月10日  周四  21：16"
347,"2013年1月11日  周五  22：34"
348,"2013年1月12日  周六  21：40"
349,"2013年1月13日  周日  21：40"
350,"2013年1月14日  周一  21：39"
351,"2013年1月15日  周二  21：28"
352,"2013年1月16日  周三  21：30"
353,"2013年1月17日  周四  21：46"
354,"2013年1月18日  周五  21：37"
355,"2013年1月19日  周六  21：28"
356,"2013年1月20日  周日  21：30"
357,"2013年1月21日  周一  21：44"
358,"2013年1月22日  周二  21：28"
359,"2013年1月23日  周三  21：32"
360,"2013年1月24日  周四  21：36"
361,"2013年1月25日  周五  21：18"
362,"2013年1月26日  周六  21：23"
363,"2013年1月27日  周日  21：28"
364,"2013年1月28日  周一  21：41"
365,"2013年1月29日  周二  21：26"
366,"2013年1月30日  周三  22：08"
367,"2013年1月31日  周四  21：19"
368,"2013年2月1日  周五  21：28"
369,"2013年2月2日  周六  21：01"
370,"2013年2月3日  周日  21：29"
371,"2013年2月4日  周一  21：23"
372,"2013年2月5日  周二  21：27"
373,"2013年2月6日  周三  21：32"
374,"2013年2月7日  周四  21：20"
375,"2013年2月8日  周五  21：45"
376,"2013年2月9日  周六  21：38"
377,"2013年2月10日  周日  21：41"
378,"2013年2月11日  周一  21：38"
379,"2013年2月12日  周二  21：34"
380,"2013年2月13日  周三  21：04"
381,"2013年2月14日  周四  21：27"
382,"2013年2月15日  周五  21：36"
383,"2013年2月16日  周六  21：00"
384,"2013年2月17日  周日  21：32"
385,"2013年2月18日  周一  22：21"
386,"2013年2月19日  周二  21：32"
387,"2013年2月20日  周三  21：21"
388,"2013年2月21日  周四  20：54"
389,"2013年2月22日  周五  22：18"
390,"2013年2月23日  周六  21：07"
391,"2013年2月24日  周日  21：34"
392,"2013年2月25日  周一  21：31"
393,"2013年2月26日  周二  21：21"
394,"2013年2月27日  周三  21：22"
395,"2013年2月28日  周四  21：21"
396,"2013年3月1日  周五  21：19"
397,"2013年3月2日  周六  21：15"
398,"2013年3月3日  周日  21：00"
399,"2013年3月4日  周一  21：29"
400,"2013年3月5日  周二  21：36"
401,"2013年3月6日  周三  21：19"
402,"2013年3月7日  周日  21：40"
403,"2013年3月8日  周五  21：35"
404,"2013年3月9日  周六  21：17"
405,"2013年3月10日  周日  22：00"
406,"2013年3月11日  周一  21：23"
407,"2013年3月12日  周二  21：27"
408,"2013年3月13日  周三  21：29"
409,"2013年3月14日  周四  21：23"
410,"2013年3月15日  周五  21：30"
411,"2013年3月16日  周六  22：13"
412,"2013年3月17日  周日  21：31"
413,"2013年3月18日  周一  21：19"
414,"2013年3月19日  周二  22：49"
415,"2013年3月20日  周三  21：48"
416,"2013年3月21日  周四  21：24"
417,"2013年3月22日  周五  21：18"
418,"2013年3月23日  周六  21：09"
419,"2013年3月24日  周日  21：17"
420,"2013年3月25日  周一  21：17"
421,"2013年3月26日  周二  21：22"
422,"2013年3月27日  周三  20：56"
423,"2013年3月28日  周四  21：39"
424,"2013年3月29日  周五  21：24"
425,"2013年3月30日  周六  21：12"
426,"2013年3月31日  周日  21：19"
427,"2013年4月1日  周一  21：19"
428,"2013年4月2日  周二  21：39"
429,"2013年4月3日  周三  21：25"
430,"2013年4月4日  周四  21：24"
431,"2013年4月5日  周五  21：02"
432,"2013年4月6日  周六  21：07"
433,"2013年4月7日  周日  21：15"
434,"2013年4月8日  周一  21：26"
435,"2013年4月9日  周二  21：28"
436,"2013年4月10日  周三  21：42"
437,"2013年4月11日  周四  21：16"
438,"2013年4月12日  周五  21：36"
439,"2013年4月13日  周六  21：12"
440,"2013年4月14日  周日  21：12"
441,"2013年4月15日  周一  21：18"
442,"2013年4月16日  周二  21：49"
443,"2013年4月17日  周三  21：24"
444,"2013年4月18日  周四  21：20"
445,"2013年4月19日  周五  21：06"
446,"2013年4月20日  周六  21：17"
447,"2013年4月21日  周日  21：20"
448,"2013年4月22日  周一  22：40"
449,"2013年4月23日  周二  21：15"
450,"2013年4月24日  周三  21：15"
451,"2013年4月25日  周四  21：06"
452,"2013年4月26日  周五  21：35"
453,"2013年4月27日  周六  21：18"
454,"2013年4月28日  周日  21：03"
455,"2013年4月29日  周一  21：15"
456,"2013年4月30日  周二  21：01"
457,"2013年5月1日  周三  22：19"
458,"2013年5月2日  周四  21：23"
459,"2013年5月3日  周五  21：42"
460,"2013年5月4日  周六  21：36"
461,"2013年5月5日  周日  21：20"
462,"2013年5月6日  周一  21：20"
463,"2013年5月7日  周二  21：27"
464,"2013年5月8日  周三  21：14"
465,"2013年5月9日  周四  21：09"
466,"2013年5月10日  周五  21：27"
467,"2013年5月11日  周六  21：29"
468,"2013年5月12日  周日  20：59"
469,"2013年5月13日  周一  21：36"
470,"2013年5月14日  周二  21：29"
471,"2013年5月15日  周三  22：59"
472,"2013年5月16日  周四  22：22"
473,"2013年5月17日  周五  21：00"
474,"2013年5月18日  周六  23：38"
475,"2013年5月19日  周日  22：41"
476,"2013年5月20日  周一  21：23"
477,"2013年5月21日  周二  21：07"
478,"2013年5月22日  周三  21：17"
479,"2013年5月23日  周四  21：05"
480,"2013年5月24日  周五  21：32"
481,"2013年5月25日  周六  21：27"
482,"2013年5月26日  周日  21：04"
483,"2013年5月27日  周一  21：29"
484,"2013年5月28日  周二  21：06"
485,"2013年5月29日  周三  21：06"
486,"2013年5月30日  周四  21：04"
487,"2013年5月31日  周五  21：19"
488,"2013年6月1日  周六  21：14"
489,"2013年6月2日  周日  21：10"
490,"2013年6月3日  周一  21：23"
491,"2013年6月4日  周二  21：09"
492,"2013年6月5日  周三  21：09"
493,"2013年6月6日  周四  21：28"
494,"2013年6月7日  周五  21：17"
495,"2013年6月8日  周六  21：23"
496,"2013年6月9日  周日  21：24"
497,"2013年6月10日  周一  21：08"
498,"2013年6月11日  周二  21：17"
499,"2013年6月12日  周三  21：20"
500,"2013年6月13日  周四  21：22"
501,"2013年6月14日  周五  21：31"
502,"2013年6月15日  周六  21：21"
503,"2013年6月16日  周日  20：19"
504,"2013年6月17日  周一  21：14"
505,"2013年6月18日  周二  21：03"
506,"2013年6月19日  周三  21：21"
507,"2013年6月20日  周四  21：15"
508,"2013年6月21日  周五  21：33"
509,"2013年6月22日  周六  21：36"
510,"2013年6月23日  周日  21：16"
511,"2013年6月24日  周一  21：09"
512,"2013年6月25日  周二  21：37"
513,"2013年6月26日  周三  21：30"
514,"2013年6月27日  周四  21：37"
515,"2013年6月28日  周五  21：01"
516,"2013年6月29日  周六  21：19"
517,"2013年6月30日  周日  21：32"
518,"2013年7月1日  周一  21：28"
519,"2013年7月2日  周二  21：02"
520,"2013年7月3日  周三  21：35"
521,"2013年7月4日  周四  21：19"
522,"2013年7月5日  周五  21：03"
523,"2013年7月6日  周六  21：20"
524,"2013年7月7日  周日  21：22"
525,"2013年7月8日  周一  21：43"
526,"2013年7月9日  周二  21：24"
527,"2013年7月10日  周三  21：21"
528,"2013年7月11日  周四  21：19"
529,"2013年7月12日  周五  21：30"
530,"2013年7月13日  周六  21：38"
531,"2013年7月14日  周日  21：39"
532,"2013年7月15日  周一  21：29"
533,"2013年7月16日  周二  21：32"
534,"2013年7月17日  周三  21：12"
535,"2013年7月18日  周四  21：23"
536,"2013年7月19日  周五  21：50"
537,"2013年7月20日  周六  22：17"
538,"2013年7月21日  周日  21：38"
539,"2013年7月22日  周一  21：29"
540,"2013年7月23日  周二  21：19"
541,"2013年7月24日  周三  21：14"
542,"2013年7月25日  周四  21：15"
543,"2013年7月26日  周五  21：37"
544,"2013年7月27日  周六  21：33"
545,"2013年7月28日  周日  23：47"
546,"2013年7月29日  周一  21：57"
547,"2013年7月30日  周二  21：15"
548,"2013年7月31日  周三  21：37"
549,"2013年8月1日  周四  21：20"
550,"2013年8月2日  周五  23：44"
551,"2013年8月3日  周六  22：26"
552,"2013年8月4日  周日  21：54"
553,"2013年8月5日  周一  21：44"
554,"2013年8月6日  周二  22：20"
555,"2013年8月7日  周三  21：50"
556,"2013年8月8日  周四  23：17"
557,"2013年8月9日  周五  22：48"
558,"2013年8月10日  周六  21：59"
559,"2013年8月11日  周日  21：53"
560,"2013年8月12日  周一  21：23"
561,"2013年8月13日  周二  21：35"
562,"2013年8月14日  周三  23：08"
563,"2013年8月15日  周四  22：01"
564,"2013年8月16日  周五  21：45"
565,"2013年8月17日  周六  21：18"
566,"2013年8月18日  周日  21：01"
567,"2013年8月19日  周一  22：30"
568,"2013年8月20日  周二  22：53"
569,"2013年8月21日  周三  21：33"
570,"2013年8月22日  周四  21：23"
571,"2013年8月23日  周五  22：28"
572,"2013年8月24日  周六  21：16"
573,"2013年8月25日  周日  21：18"
574,"2013年8月26日  周一  22：03"
575,"2013年8月27日  周二  22：45"
576,"2013年8月28日  周三  21：39"
577,"2013年8月29日  周四  22：45"
578,"2013年8月30日  周五  21：06"
579,"2013年9月1日  周日  21：29"
580,"2013年9月2日  周一  19：07"
581,"2013年9月3日  周二  20：28"
582,"2013年9月5日  周四  22：16"
583,"2013年9月6日  周五  21：41"
584,"2013年9月7日  周六  21：59"
585,"2013年9月8日  周日  21：15"
586,"2013年9月9日  周一  21：56"
587,"2013年9月10日  周二  22：54"
588,"2013年9月11日  周三  21：44"
589,"2013年9月12日  周四  22：49"
590,"2013年9月13日  周五  21：16"
591,"2013年9月14日  周六  21：16"
592,"2013年9月15日  周日  21：39"
593,"2013年9月16日  周一  23：17"
594,"2013年9月17日  周二  21：10"
595,"2013年9月18日  周三  22：56"
596,"2013年9月19日  周四  21：16"
597,"2013年9月20日  周五  22：52"
598,"2013年9月21日  周六  22：18"
599,"2013年9月22日  周日  21：42"
600,"2013年9月24日  周二  21：18"
601,"2013年9月25日  周三  21：57"
602,"2013年9月26日  周四  23：38"
603,"2013年9月27日  周五  22：30"
604,"2013年9月28日  周六  22：02"
605,"2013年9月29日  周一  21：59"
606,"2013年9月30日  周一  23：16"
607,"2013年10月1日  周二  23：08"
608,"2013年10月2日  周三  21：57"
609,"2013年10月3日  周四  22：56"
610,"2013年10月4日  周五  21：56"
611,"2013年10月5日  周六  22：25"
612,"2013年10月6日  周日  21：48"
613,"2013年10月7日  周一  23：26"
614,"2013年10月8日  周三  23：20"
615,"2013年10月9日  周三  22：56"
616,"2013年10月10日  周四  22：07"
617,"2013年10月11日  周五  22：11"
618,"2013年10月12日  周六  21：54"
619,"2013年10月13日  周日  22：21"
620,"2013年10月14日  周一  21：51"
621,"2013年10月15日  周三  21：58"
622,"2013年10月16日  周三  22：18"
623,"2013年10月17日  周四  22：29"
624,"2013年10月18日  周五  22：23"
625,"2013年10月19日  周六  22：14"
626,"2013年10月20日  周日  22：28"
627,"2013年10月21日  周一  22：10"
628,"2013年10月22日  周二  23：07"
629,"2013年10月23日  周三  22：10"
630,"2013年10月24日  周四  21：56"
631,"2013年10月25日  周五  22：07"
632,"2013年10月26日  周六  23：13"
633,"2013年10月27日  周日  22：23"
634,"2013年10月28日  周一  22：22"
635,"2013年10月29日  周二  23：15"
636,"2013年10月30日  周三  22：06"
637,"2013年10月31日  周四  22：39"
638,"2013年11月1日  周五  22：08"
639,"2013年11月2日  周六  21：53"
640,"2013年11月3日  周日  21：54"
641,"2013年11月4日  周一  22：15"
642,"2013年11月5日  周二  22：04"
643,"2013年11月6日  周三  22：00"
644,"2013年11月7日  周四  21：58"
645,"2013年11月8日  周五  22：52"
646,"2013年11月9日  周六  21：52"
647,"2013年11月10日  周日  21：52"
648,"2013年11月11日  周一  21：50"
649,"2013年11月12日  周二  23：09"
650,"2013年11月13日  周三  22：39"
651,"2013年11月14日  周四  22：07"
652,"2013年11月15日  周五  23：55"
653,"2013年11月16日  周六  23：47"
654,"2013年11月17日  周日  23：05"
655,"2013年11月18日  周一  22：11"
656,"2013年11月19日  周二  21：34"
657,"2013年11月20日  周三  21：27"
658,"2013年11月21日  周四  21：28"
659,"2013年11月22日  周五  22：15"
660,"2013年11月23日  周六  21：56"
661,"2013年11月24日  周日  21：40"
662,"2013年11月25日  周一  22：30"
663,"2013年11月26日  周二  23：38"
664,"2013年11月27日  周三  21：21"
665,"2013年11月28日  周四  22：21"
666,"2013年11月29日  周五  22：09"
667,"2013年11月30日  周六  21：52"
668,"2013年12月1日  周日  21：38"
669,"2013年12月2日  周一  21：35"
670,"2013年12月3日  周二  22：47"
671,"2013年12月4日  周三  21：23"
672,"2013年12月5日  周四  21：23"
673,"2013年12月6日  周五  22：34"
674,"2013年12月7日  周六  21：49"
675,"2013年12月8日  周日  21：38"
676,"2013年12月9日  周一  21：17"
677,"2013年12月10日  周二  21：59"
678,"2013年12月11日  周三  21：29"
679,"2013年12月12日  周四  21：56"
680,"2013年12月13日  周五  22：16"
681,"2013年12月14日  周六  21：41"
682,"2013年12月15日  周日  20：56"
683,"2013年12月16日  周一  22：04"
684,"2013年12月17日  周二  21：45"
685,"2013年12月18日  周三  21：47"
686,"2013年12月19日  周四  21：50"
687,"2013年12月20日  周五  22：15"
688,"2013年12月21日  周六  21：49"
689,"2013年12月22日  周日  23：11"
690,"2013年12月23日  周一  21：50"
691,"2013年12月24日  周二  22：21"
692,"2013年12月25日  周三  23：21"
693,"2013年12月26日  周四  22：33"
694,"2013年12月27日  周五  22：01"
695,"2013年12月28日  周六  21：43"
696,"2013年12月29日  周日  21：19"
697,"2013年12月30日  周一  21：31"
698,"2013年12月31日  周二  21：22"
699,"2014年1月1日  周三  21：35"
700,"2014年1月2日  周四  22：39"
701,"2014年1月3日  周五  22：20"
702,"2014年1月4日  周六  21：51"
703,"2014年1月5日  周日  22：25"
704,"2014年1月6日  周一  22：16"
705,"2014年1月7日  周二  22：05"
706,"2014年1月8日  周三  22：20"
707,"2014年1月9日  周四  22：38"
708,"2014年1月10日  周五  21：48"
709,"2014年1月11日  周六  22：06"
710,"2014年1月12日  周日  21：38"
711,"2014年1月13日  周一  21：10"
712,"2014年1月14日  周二  21：43"
713,"2014年1月15日  周三  21：54"
714,"2014年1月16日  周四  22：04"
715,"2014年1月17日  周五  21：09"
716,"2014年1月18日  周六  21：48"
717,"2014年1月19日  周日  21：44"
718,"2014年1月20日  周一  21：56"
719,"2014年1月21日  周二  22：22"
720,"2014年1月22日  周三  22：36"
721,"2014年1月23日  周四  21：47"
722,"2014年1月24日  周五  21：56"
723,"2014年1月25日  周六  21：48"
724,"2014年1月26日  周日  21：45"
725,"2014年1月27日  周一  22：10"
726,"2014年1月28日  周二  21：40"
727,"2014年1月29日  周三  21：51"
728,"2014年1月30日  周四  22：01"
729,"2014年1月31日  周五  22：06"
730,"2014年2月1日  周六  21：54"
731,"2014年2月2日  周日  21：47"
732,"2014年2月3日  周一  21：51"
733,"2014年2月4日  周二  22：08"
734,"2014年2月5日  周三  22：04"
735,"2014年2月6日  周四  21：39"
736,"2014年2月7日  周五  22：10"
737,"2014年2月8日  周六  21：37"
738,"2014年2月9日  周日  21：34"
739,"2014年2月10日  周一  21：57"
740,"2014年2月11日  周二  22：14"
741,"2014年2月12日  周三  22：11"
742,"2014年2月13日  周四  21：40"
743,"2014年2月14日  周五  22：02"
744,"2014年2月15日  周六  21：38"
745,"2014年2月16日  周日  22：00"
746,"2014年2月17日  周一  21：50"
747,"2014年2月18日  周二  22：01"
748,"2014年2月19日  周三  21：39"
749,"2014年2月20日  周四  21：55"
750,"2014年2月21日  周五  22：03"
751,"2014年2月22日  周六  21：56"
752,"2014年2月23日  周日  22：25"
753,"2014年2月24日  周一  21：51"
754,"2014年2月25日  周二  22：02"
755,"2014年2月26日  周三  22：08"
756,"2014年2月27日  周四  21：39"
757,"2014年2月28日  周五  21：55"
758,"2014年3月1日  周六  21：54"
759,"2014年3月2日  周日  22：09"
760,"2014年3月3日  周一  21：39"
761,"2014年3月4日  周二  21：54"
762,"2014年3月5日  周三  21：46"
763,"2014年3月6日  周四  21：44"
764,"2014年3月7日  周五  22：19"
765,"2014年3月8日  周六  21：47"
766,"2014年3月9日  周日  21：45"
767,"2014年3月10日  周一  22：02"
768,"2014年3月11日  周二  22：02"
769,"2014年3月12日  周三  22：01"
770,"2014年3月13日  周四  22：05"
771,"2014年3月14日  周五  22：41"
772,"2014年3月15日  周六  22：21"
773,"2014年3月17日  周一  21：08"
774,"2014年3月18日  周二  21：55"
775,"2014年3月19日  周三  22：00"
776,"2014年3月20日  周四  22：18"
777,"2014年3月21日  周二  22：15"
778,"2014年3月22日  周六  22：21"
779,"2014年3月23日  周日  21：50"
780,"2014年3月24日  周一  21：42"
781,"2014年3月25日  周二  21：37"
782,"2014年3月26日  周三  21：46"
783,"2014年3月27日  周四  22：10"
784,"2014年3月28日  周五  22：04"
785,"2014年3月29日  周六  22：14"
786,"2014年3月30日  周日  22：14"
787,"2014年3月31日  周一  20：41"
788,"2014年4月1日  周二  22：06"
789,"2014年4月2日  周三  21：43"
790,"2014年4月3日  周四  22：28"
791,"2014年4月4日  周五  21：59"
792,"2014年4月5日  周六  22：24"
793,"2014年4月6日  周日  22：28"
794,"2014年4月7日  周一  21：59"
795,"2014年4月8日  周二  21：40"
796,"2014年4月9日  周三  21：51"
797,"2014年4月10日  周四  21：38"
798,"2014年4月11日  周五  21：47"
799,"2014年4月12日  周六  22：00"
800,"2014年4月13日  周日  21：50"
801,"2014年4月14日  周一  22：00"
802,"2014年4月15日  周二  22：10"
803,"2014年4月16日  周三  21：38"
804,"2014年4月17日  周四  22：01"
805,"2014年4月18日  周五  21：41"
806,"2014年4月19日  周六  21：45"
807,"2014年4月20日  周日  21：46"
808,"2014年4月21日  周一  21：47"
809,"2014年4月22日  周二  21：48"
810,"2014年4月23日  周三  21：55"
811,"2014年4月24日  周四  21：49"
812,"2014年4月25日  周五  21：57"
813,"2014年4月26日  周六  21：59"
814,"2014年4月27日  周日  22：30"
815,"2014年4月28日  周一  21：42"
816,"2014年4月29日  周二  22：12"
817,"2014年4月30日  周三  21：59"
818,"2014年5月1日  周四  21：54"
819,"2014年5月2日  周五  21：50"
820,"2014年5月3日  周六  23：26"
821,"2014年5月4日  周日  22：44"
822,"2014年5月5日  周一  21：35"
823,"2014年5月6日  周二  21：42"
824,"2014年5月7日  周三  22：50"
825,"2014年5月8日  周四  21：43"
826,"2014年5月9日  周五  21：45"
827,"2014年5月10日  周六  22：23"
828,"2014年5月11日  周日  21：39"
829,"2014年5月12日  周一  21：59"
830,"2014年5月13日  周二  22：00"
831,"2014年5月14日  周三  21：44"
832,"2014年5月15日  周四  22：45"
833,"2014年5月16日  周五  21：56"
834,"2014年5月17日  周六  22：06"
835,"2014年5月18日  周日  21：38"
836,"2014年5月19日  周一  22：45"
837,"2014年5月20日  周二  22：26"
838,"2014年5月21日  周三  21：49"
839,"2014年5月22日  周四  21：50"
840,"2014年5月23日  周五  22：12"
841,"2014年5月24日  周六  22：19"
842,"2014年5月25日  周日  22：40"
843,"2014年5月26日  周一  22：11"
844,"2014年5月27日  周二  22：35"
845,"2014年5月28日  周三  22：05"
846,"2014年5月29日  周四  22：18"
847,"2014年5月30日  周五  21：59"
848,"2014年5月31日  周六  21：55"
849,"2014年6月1日  周日  22：49"
850,"2014年6月2日  周一  22：01"
851,"2014年6月3日  周二  22：01"
852,"2014年6月4日  周三  22：07"
853,"2014年6月5日  周四  21：41"
854,"2014年6月6日  周五  21：56"
855,"2014年6月7日  周六  22：17"
856,"2014年6月8日  周日  22：42"
857,"2014年6月9日  周日  21：58"
858,"2014年6月10日  周二  21：46"
859,"2014年6月11日  周三  22：49"
860,"2014年6月12日  周四  21：44"
861,"2014年6月13日  周五  22：21"
862,"2014年6月14日  周六  22：14"
863,"2014年6月15日  周日  22：23"
864,"2014年6月16日  周一  22：04"
865,"2014年6月17日  周二  22：11"
866,"2014年6月18日  周三  22：09"
867,"2014年6月19日  周四  22：49"
868,"2014年6月20日  周五  23：07"
869,"2014年6月21日  周六  21：39"
870,"2014年6月22日  周日  21：57"
871,"2014年6月23日  周一  22：05"
872,"2014年6月24日  周二  22：59"
873,"2014年6月25日  周三  22：03"
874,"2014年6月26日  周四  22：16"
875,"2014年6月27日  周五  22：18"
876,"2014年6月28日  周六  22：25"
877,"2014年6月29日  周日  22：26"
878,"2014年6月30日  周一  22：18"
879,"2014年7月1日  周二  22：27"
880,"2014年7月2日  周三  22：33"
881,"2014年7月3日  周四  21：57"
882,"2014年7月4日  周五  22：58"
883,"2014年7月5日  周六  22：14"
884,"2014年7月6日  周日  22：22"
885,"2014年7月7日  周一  22：34"
886,"2014年7月8日  周二  22：35"
887,"2014年7月9日  周三  22：26"
888,"2014年7月10日  周四  22：48"
889,"2014年7月11日  周五  22：03"
890,"2014年7月12日  周六  22：13"
891,"2014年7月13日  周日  22：11"
892,"2014年7月14日  周一  22：29"
893,"2014年7月15日  周二  21：41"
894,"2014年7月16日  周三  22：16"
895,"2014年7月17日  周四  22：29"
896,"2014年7月18日  周五  22：47"
897,"2014年7月19日  周六  22：49"
898,"2014年7月20日  周日  22：35"
899,"2014年7月21日  周一  22：36"
900,"2014年7月22日  周二  22：40"
901,"2014年7月23日  周三  22：32"
902,"2014年7月24日  周四  22：46"
903,"2014年7月25日  周五  22：08"
904,"2014年7月26日  周六  22：55"
905,"2014年7月27日  周日  22：24"
906,"2014年7月28日  周一  22：32"
907,"2014年7月29日  周二  22：40"
908,"2014年7月30日  周三  22：26"
909,"2014年7月31日  周四  22：32"
910,"2014年8月1日  周五  22：51"
911,"2014年8月2日  周六  23：03"
912,"2014年8月3日  周日  22：36"
913,"2014年8月4日  周一  22：47"
914,"2014年8月5日  周二  22：53"
915,"2014年8月6日  周三  22：37"
916,"2014年8月7日  周四  22：54"
917,"2014年8月8日  周五  22：32"
918,"2014年8月9日  周六  22：42"
919,"2014年8月10日  周日  22：22"
920,"2014年8月11日  周一  22：37"
921,"2014年8月12日  周二  23：20"
922,"2014年8月13日  周三  22：44"
923,"2014年8月14日  周四  22：36"
924,"2014年8月15日  周五  22：41"
925,"2014年8月16日  周六  22：51"
926,"2014年8月17日  周日  22：29"
927,"2014年8月18日  周一  22：21"
928,"2014年8月19日  周二  22：43"
929,"2014年8月20日  周三  22：44"
930,"2014年8月21日  周四  22：38"
931,"2014年8月22日  周五  22：25"
932,"2014年8月23日  周六  22：32"
933,"2014年8月24日  周日  22：33"
934,"2014年8月25日  周一  22：24"
935,"2014年8月26日  周二  23：01"
936,"2014年8月27日  周三  22：45"
937,"2014年8月28日  周四  22：34"
938,"2014年8月29日  周五  22：56"
939,"2014年8月30日  周六  22：52"
940,"2014年8月31日  周日  22：26"
941,"2014年9月1日  周一  22：45"
942,"2014年9月2日  周二  22：49"
943,"2014年9月3日  周三  22：25"
944,"2014年9月4日  周四  23：17"
945,"2014年9月5日  周五  22：57"
946,"2014年9月6日  周六  22：51"
947,"2014年9月7日  周日  22：35"
948,"2014年9月8日  周一  22：53"
949,"2014年9月9日  周二  22：34"
950,"2014年9月10日  周三  22：36"
951,"2014年9月11日  周四  23：10"
952,"2014年9月12日  周五  22：57"
953,"2014年9月13日  周六  23：01"
954,"2014年9月14日  周日  22：35"
955,"2014年9月15日  周一  22：39"
956,"2014年9月16日  周二  22：58"
957,"2014年9月17日  周三  22：23"
958,"2014年9月18日  周四  23：09"
959,"2014年9月19日  周五  22：53"
960,"2014年9月20日  周六  23：12"
961,"2014年9月21日  周日  22：58"
962,"2014年9月22日  周一  23：19"
963,"2014年9月23日  周二  22：50"
964,"2014年9月24日  周三  23：11"
965,"2014年9月25日  周四  23：15"
966,"2014年9月26日  周五  23：08"
967,"2014年9月27日  周六  22：56"
968,"2014年9月28日  周日  22：28"
969,"2014年9月29日  周一  23：06"
970,"2014年9月30日  周二  22：12"
971,"2014年10月1日  周三  22：29"
972,"2014年10月2日  周四  22：50"
973,"2014年10月3日  周五  22：48"
974,"2014年10月4日  周六  22：45"
975,"2014年10月5日  周日  22：42"
976,"2014年10月6日  周一  23：06"
977,"2014年10月7日  周二  23：01"
978,"2014年10月8日  周三  23：16"
979,"2014年10月9日  周四  23：03"
980,"2014年10月10日  周五  23：12"
981,"2014年10月11日  周六  22：41"
982,"2014年10月12日  周日  22：55"
983,"2014年10月13日  周一  22：52"
984,"2014年10月14日  周二  23：03"
985,"2014年10月15日  周三  22：25"
986,"2014年10月16日  周四  22：33"
987,"2014年10月17日  周五  22：24"
988,"2014年10月18日  周六  22：35"
989,"2014年10月19日  周日  22：48"
990,"2014年10月20日  周一  22：41"
991,"2014年10月21日  周二  22：53"
992,"2014年10月22日  周三  23：09"
993,"2014年10月23日  周四  22：19"
994,"2014年10月24日  周五  22：40"
995,"2014年10月25日  周六  22：20"
996,"2014年10月26日  周日  22：55"
997,"2014年10月27日  周一  22：15"
998,"2014年10月28日  周二  22：41"
999,"2014年10月29日  周三  23：07"
1000,"2014年10月30日  周四  23：12"
1001,"2014年10月31日  周五  22：44"
1002,"2014年11月1日  周六  22：45"
1003,"2014年11月2日  周日  22：45"
1004,"2014年11月3日  周一  23：01"
1005,"2014年11月5日  周三  22：39"
1006,"2014年11月6日  周四  23：14"
1007,"2014年11月7日  周五  23：09"
1008,"2014年11月8日  周六  23：02"
1009,"2014年11月9日  周日  23：04"
1010,"2014年11月10日  周一  22：59"
1011,"2014年11月11日  周二  22：39"
1012,"2014年11月12日  周三  22：38"
1013,"2014年11月13日  周四  22：37"
1014,"2014年11月14日  周五  22：54"
1015,"2014年11月15日  周六  22：55"
1016,"2014年11月16日  周日  22：54"
1017,"2014年11月17日  周一  23：12"
1018,"2014年11月18日  周二  22：40"
1019,"2014年11月19日  周三  23：17"
1020,"2014年11月20日  周四  22：38"
1021,"2014年11月21日  周五  23：08"
1022,"2014年11月22日  周六  23：08"
1023,"2014年11月23日  周日  23：26"
1024,"2014年11月24日  周一  23：44"
1025,"2014年11月25日  周二  23：32"
1026,"2014年11月26日  周三  22：57"
1027,"2014年11月27日  周四  23：06"
1028,"2014年11月28日  周五  23：19"
1029,"2014年11月29日  周六  22：15"
1030,"2014年11月30日  周日  22：30"
1031,"2014年12月1日  周一  22：56"
1032,"2014年12月2日  周二  23：17"
1033,"2014年12月3日  周三  22：43"
1034,"2014年12月4日  周四  23：06"
1035,"2014年12月5日  周五  23：11"
1036,"2014年12月6日  周六  22：39"
1037,"2014年12月7日  周日  23：45"
1038,"2014年12月8日  周一  23：37"
1039,"2014年12月9日  周二  23：50"
1040,"2014年12月10日  周三  22：31"
1041,"2014年12月11日  周四  22：58"
1042,"2014年12月12日  周五  22：56"
1043,"2014年12月13日  周六  22：38"
1044,"2014年12月14日  周日  22：07"
1045,"2014年12月15日  周一  22：20"
1046,"2014年12月16日  周二  22：14"
1047,"2014年12月17日  周三  23：13"
1048,"2014年12月18日  周四  22：53"
1049,"2014年12月19日  周五  22：54"
1050,"2014年12月20日  周六  22：19"
1051,"2014年12月21日  周日  22：56"
1052,"2014年12月22日  周一  22：37"
1053,"2014年12月23日  周二  22：48"
1054,"2014年12月24日  周三  22：25"
1055,"2014年12月25日  周四  22：31"
1056,"2014年12月26日  周五  22：19"
1057,"2014年12月27日  周六  22：07"
1058,"2014年12月28日  周日  22：49"
1059,"2014年12月29日  周一  22：39"
1060,"2014年12月30日  周二  22：41"
1061,"2014年12月31日  周三  22：31"
1062,"2015年1月1日  周四  22：27"
1063,"2015年1月2日  周五  22：51"
1064,"2015年1月3日  周六  22：58"
1065,"2015年1月4日  周日  22：59"
1066,"2015年1月5日  周一  22：47"
1067,"2015年1月6日  周二  23：01"
1068,"2015年1月7日  周三  23：11"
1069,"2015年1月8日  周四  23：04"
1070,"2015年1月9日  周五  23：18"
1071,"2015年1月10日  周六  23：11"
1072,"2015年1月11日  周日  23：27"
1073,"2015年1月12日  周一  23：01"
1074,"2015年1月13日  周二  23：06"
1075,"2015年1月14日  周三  23：17"
1076,"2015年1月15日  周四  22：50"
1077,"2015年1月16日  周五  23：01"
1078,"2015年1月17日  周六  23：24"
1079,"2015年1月18日  周日  23：07"
1080,"2015年1月19日  周一  23：44"
1081,"2015年1月20日  周二  23：14"
1082,"2015年1月21日  周三  22：54"
1083,"2015年1月22日  周四  23：10"
1084,"2015年1月23日  周五  23：09"
1085,"2015年1月24日  周六  23：36"
1086,"2015年1月25日  周日  23：19"
1087,"2015年1月26日  周一  22：51"
1088,"2015年1月27日  周二  22：59"
1089,"2015年1月28日  周三  22：56"
1090,"2015年1月29日  周四  23：08"
1091,"2015年1月30日  周五  23：11"
1092,"2015年1月31日  周六  22：53"
1093,"2015年2月1日  周日  23：17"
1094,"2015年2月2日  周一  22：57"
1095,"2015年2月3日  周二  23：03"
1096,"2015年2月4日  周三  22：48"
1097,"2015年2月5日  周四  23：04"
1098,"2015年2月6日  周五  23：02"
1099,"2015年2月7日  周六  23：33"
1100,"2015年2月8日  周日  23：18"
1101,"2015年2月9日  周一  23：09"
1102,"2015年2月10日  周二  22：25"
1103,"2015年2月11日  周三  22：46"
1104,"2015年2月12日  周四  23：00"
1105,"2015年2月13日  周五  22：44"
1106,"2015年2月14日  周六  23：04"
1107,"2015年2月15日  周日  22：09"
1108,"2015年2月16日  周一  22：58"
1109,"2015年2月17日  周二  23：02"
1110,"2015年2月18日  周三  23：55"
1111,"2015年2月19日  周四  23：17"
1112,"2015年2月20日  周五  22：07"
1113,"2015年2月21日  周六  23：00"
1114,"2015年2月22日  周日  22：55"
1115,"2015年2月23日  周一  22：35"
1116,"2015年2月24日  周二  23：00"
1117,"2015年2月25日  周三  22：58"
1118,"2015年2月26日  周四  22：18"
1119,"2015年2月27日  周五  23：04"
1120,"2015年2月28日  周六  21：59"
1121,"2015年3月1日  周日  23：01"
1122,"2015年3月2日  周一  23：06"
1123,"2015年3月3日  周二  23：38"
1124,"2015年3月4日  周三  22：19"
1125,"2015年3月5日  周四  22：31"
1126,"2015年3月6日  周五  21：57"
1127,"2015年3月7日  周六  22：27"
1128,"2015年3月8日  周日  22：33"
1129,"2015年3月9日  周一  23：03"
1130,"2015年3月10日  周二  22：50"
1131,"2015年3月11日  周三  22：43"
1132,"2015年3月12日  周四  22：55"
1133,"2015年3月13日  周五  22：40"
1134,"2015年3月14日  周六  22：41"
1135,"2015年3月15日  周日  23：26"
1136,"2015年3月16日  周一  22：18"
1137,"2015年3月17日  周二  22：47"
1138,"2015年3月18日  周三  23：08"
1139,"2015年3月19日  周四  23：10"
1140,"2015年3月20日  周五  23：12"
1141,"2015年3月21日  周六  22：47"
1142,"2015年3月22日  周日  23：01"
1143,"2015年3月23日  周一  23：00"
1144,"2015年3月24日  周二  22：58"
1145,"2015年3月25日  周三  22：54"
1146,"2015年3月26日  周四  22：41"
1147,"2015年3月27日  周五  22：51"
1148,"2015年3月28日  周六  22：54"
1149,"2015年3月29日  周日  23：11"
1150,"2015年3月30日  周一  23：19"
1151,"2015年3月31日  周二  23：08"
1152,"2015年4月1日  周三  23：12"
1153,"2015年4月2日  周四  23：16"
1154,"2015年4月3日  周五  22：59"
1155,"2015年4月4日  周六  23：18"
1156,"2015年4月5日  周日  23：04"
1157,"2015年4月6日  周一  23：27"
1158,"2015年4月7日  周二  22：52"
1159,"2015年4月8日  周三  23：12"
1160,"2015年4月9日  周四  22：43"
1161,"2015年4月10日  周五  22：50"
1162,"2015年4月11日  周六  22：55"
1163,"2015年4月12日  周日  22：42"
1164,"2015年4月13日  周一  22：50"
1165,"2015年4月14日  周二  22：46"
1166,"2015年4月15日  周三  22：34"
1167,"2015年4月16日  周四  22：46"
1168,"2015年4月17日  周五  22：42"
1169,"2015年4月18日  周六  22：45"
1170,"2015年4月19日  周日  22：53"
1171,"2015年4月20日  周一  23：09"
1172,"2015年4月21日  周二  22：58"
1173,"2015年4月22日  周三  22：23"
1174,"2015年4月23日  周四  23：01"
1175,"2015年4月24日  周五  23：19"
1176,"2015年4月25日  周六  23：01"
1177,"2015年4月26日  周日  23：20"
1178,"2015年4月27日  周一  22：55"
1179,"2015年4月28日  周二  23：07"
1180,"2015年4月29日  周三  23：23"
1181,"2015年4月30日  周四  23：37"
1182,"2015年5月1日  周五  23：45"
1183,"2015年5月2日  周六  23：32"
1184,"2015年5月3日  周日  23：27"
1185,"2015年5月4日  周一  23：45"
1186,"2015年5月5日  周二  23：51"
1187,"2015年5月6日  周三  00：15"
1188,"2015年5月7日  周四  23：33"
1189,"2015年5月8日  周五  23：31"
1190,"2015年5月9日  周六  22：49"
1191,"2015年5月10日  周日  23：08"
1192,"2015年5月11日  周一  23：34"
1193,"2015年5月12日  周二  23：34"
1194,"2015年5月13日  周三  23：19"
1195,"2015年5月14日  周四  23：38"
1196,"2015年5月15日  周五  23：52"
1197,"2015年5月16日  周六  23：28"
1198,"2015年5月17日  周日  23：51"
1199,"2015年5月18日  周一  23：55"
1200,"2015年5月19日  周二  23：38"
1201,"2015年5月20日  周三  23：48"
1202,"2015年5月21日  周四  23：49"
1203,"2015年5月22日  周五  23：48"
1204,"2015年5月23日  周六  23：49"
1205,"2015年5月24日  周日  23：38"
1206,"2015年5月25日  周一  23：26"
1207,"2015年5月26日  周二  23：48"
1208,"2015年5月27日  周三  22：25"
1209,"2015年5月28日  周四  23：41"
1210,"2015年5月29日  周五  22：49"
1211,"2015年5月30日  周六  23：32"
1212,"2015年5月31日  周日  23：34"
1213,"2015年6月1日  周一  23：19"
1214,"2015年6月2日  周二  23：17"
1215,"2015年6月4日  周四  23：23"
1216,"2015年6月5日  周五  23：25"
1217,"2015年6月6日  周五  23：05"
1218,"2015年6月7日  周日  23：19"
1219,"2015年6月8日  周一  23：36"
1220,"2015年6月9日  周二  23：38"
1221,"2015年6月10日  周三  23：19"
1222,"2015年6月11日  周四  23：30"
1223,"2015年6月12日  周五  23：35"
1224,"2015年6月13日  周六  23：33"
1225,"2015年6月14日  周日  22：31"
1226,"2015年6月15日  周一  23：46"
1227,"2015年6月16日  周二  23：22"
1228,"2015年6月17日  周三  23：37"
1229,"2015年6月18日  周四  23：27"
1230,"2015年6月19日  周五  23：25"
1231,"2015年6月20日  周六  22：43"
1232,"2015年6月21日  周日  23：17"
1233,"2015年6月22日  周一  23：13"
1234,"2015年6月23日  周二  23：15"
1235,"2015年6月24日  周三  22：50"
1236,"2015年6月25日  周四  23：11"
1237,"2015年6月26日  周五  22：54"
1238,"2015年6月27日  周六  23：28"
1239,"2015年6月28日  周日  22：00"
1240,"2015年6月29日  周一  23：38"
1241,"2015年6月30日  周二  22：48"
1242,"2015年7月1日  周三  23：02"
1243,"2015年7月2日  周四  23：26"
1244,"2015年7月3日  周五  23：45"
1245,"2015年7月4日  周六  23：41"
1246,"2015年7月5日  周日  23：09"
1247,"2015年7月6日  周一  22：29"
1248,"2015年7月7日  周二  23：23"
1249,"2015年7月8日  周三  23：12"
1250,"2015年7月9日  周四  23：19"
1251,"2015年7月10日  周五  23：58"
1252,"2015年7月11日  周六  23：26"
1253,"2015年7月12日  周日  23：25"
1254,"2015年7月13日  周一  22：58"
1255,"2015年7月14日  周二  23：17"
1256,"2015年7月15日  周三  22：50"
1257,"2015年7月16日  周四  23：31"
1258,"2015年7月17日  周五  23：04"
1259,"2015年7月18日  周六  23：39"
1260,"2015年7月19日  周日  23：57"
1261,"2015年7月20日  周一  23：53"
1262,"2015年7月21日  周二  23：39"
1263,"2015年7月22日  周三  23：29"
1264,"2015年7月23日  周四  23：38"
1265,"2015年7月24日  周五  23：39"
1266,"2015年7月25日  周六  23：45"
1267,"2015年7月26日  周日  23：42"
1268,"2015年7月27日  周一  23：34"
1269,"2015年7月28日  周二  23：28"
1270,"2015年7月29日  周三  22：52"
1271,"2015年7月30日  周四  23：44"
1272,"2015年7月31日  周五  23：14"
1273,"2015年8月1日  周六  23：28"
1274,"2015年8月2日  周日  23：17"
1275,"2015年8月3日  周一  23：55"
1276,"2015年8月4日  周二  23：50"
1277,"2015年8月5日  周三  23：22"
1278,"2015年8月6日  周四  23：52"
1279,"2015年8月7日  周五  23：24"
1280,"2015年8月8日  周六  23：19"
1281,"2015年8月9日  周日  23：38"
1282,"2015年8月10日  周一  23：41"
1283,"2015年8月11日  周二  23：35"
1284,"2015年8月12日  周三  23：37"
1285,"2015年8月13日  周四  23：14"
1286,"2015年8月14日  周五  23：35"
1287,"2015年8月15日  周六  23：48"
1288,"2015年8月16日  周日  23：46"
1289,"2015年8月17日  周一  23：33"
1290,"2015年8月18日  周二  23：18"
1291,"2015年8月19日  周三  23：30"
1292,"2015年8月20日  周四  23：46"
1293,"2015年8月21日  周五  23：50"
1294,"2015年8月22日  周六  23：10"
1295,"2015年8月23日  周日  23：09"
1296,"2015年8月24日  周一  23：17"
1297,"2015年8月25日  周二  23：10"
1298,"2015年8月26日  周三  23：20"
1299,"2015年8月27日  周四  23：08"
1300,"2015年8月28日  周五  23：23"
1301,"2015年8月29日  周六  22：51"
1302,"2015年8月30日  周日  22：33"
1303,"2015年8月31日  周一  19：29"
1304,"2015年9月1日  周二  22：27"
1305,"2015年9月2日  周三  23：17"
1306,"2015年9月3日  周四  23：02"
1307,"2015年9月4日  周五  23：16"
1308,"2015年9月5日  周六  23：11"
1309,"2015年9月6日  周日  22：57"
1310,"2015年9月7日  周一  23：07"
1311,"2015年9月8日  周二  19：24"
1312,"2015年9月9日  周三  22：37"
1313,"2015年9月10日  周四  22：58"
1314,"2015年9月11日  周五  22：35"
1315,"2015年9月12日  周六  23：02"
1316,"2015年9月13日  周日  22：55"
1317,"2015年9月14日  周一  22：26"
1318,"2015年9月15日  周二  22：40"
1319,"2015年9月16日  周三  22：12"
1320,"2015年9月17日  周四  22：31"
1321,"2015年9月18日  周五  22：27"
1322,"2015年9月19日  周六  22：36"
1323,"2015年9月20日  周日  22：15"
1324,"  2015年9月21日  周一  22：27 "
1325,"2015年9月22日  周二  22：39"
1326,"2015年9月23日  周三  22：13"
1327,"2015年9月24日  周四  22：15"
1328,"2015年9月25日  周五  22：08"
1329,"2015年9月26日  周六  23：16"
1330,"2015年9月27日  周日  22：07"
1331,"2015年9月28日  周一  22：13"
1332,"2015年9月29日  周二  22：17"
1333,"2015年9月30日  周三  22：24"
1334,"2015年10月1日  周四  23：04"
1335,"2015年10月2日  周五  22：09"
1336,"2015年10月3日  周六  22：25"
1337,"2015年10月4日  周日  22：42"
1338,"2015年10月5日  周一  22：43"
1339,"2015年10月6日  周二  22：24"
1340,"2015年10月7日  周三  21：39"
1341,"2015年10月8日  周四  21：39"
1342,"2015年10月9日  周五  23：07"
1343,"2015年10月10日  周六  22：59"
1344,"2015年10月11日  周日  23：03"
1345,"2015年10月12日  周一  23：44"
1346,"2015年10月13日  周二  23：29"
1347,"2015年10月14日  周三  22：50"
1348,"2015年10月15日  周四  23：06"
1349,"2015年10月16日  周五  22：44"
1350,"2015年10月17日  周六  22：44"
1351,"2015年10月18日  周日  23：21"
1352,"2015年10月19日  周一  23：17"
1353,"2015年10月20日  周二  22：35"
1354,"2015年10月22日  周四  22：57"
1355,"2015年10月23日  周五  22：57"
1356,"2015年10月24日  周六  23：05"
1357,"2015年10月25日  周日  23：08"
1358,"2015年10月27日  周二  23：24"
1359,"2015年10月28日  周三  23：17"
1360,"2015年10月29日  周四  23：14"
1361,"2015年10月30日  周五  23：13"
1362,"2015年10月31日  周六  22：57"
1363,"2015年11月1日  周日  23：15"
1364,"2015年11月2日  周一  22：55"
1365,"2015年11月3日  周二  22：56"
1366,"2015年11月4日  周三  23：08"
1367,"2015年11月5日  周四  22：50"
1368,"2015年11月6日  周五  22：31"
1369,"2015年11月7日  周六  23：24"
1370,"2015年11月8日  周日  22：56"
1371,"2015年11月9日  周一  23：43"
1372,"2015年11月10日  周二  23：10"
1373,"2015年11月11日  周三  23：45"
1374,"2015年11月12日  周四  23：07"
1375,"2015年11月13日  周五  23：56"
1376,"2015年11月14日  周六  23：42"
1377,"2015年11月15日  周日  23：38"
1378,"2015年11月16日  周一  23：02"
1379,"2015年11月17日  周二  23：02"
1380,"2015年11月18日  周三  23：36"
1381,"2015年11月19日  周四  23：36"
1382,"2015年11月20日  周五  22：52"
1383,"2015年11月21日  周六  23：44"
1384,"2015年11月22日  周日  23：36"
1385,"2015年11月23日  周一  23：47"
1386,"2015年11月24日  周二  23：03"
1387,"2015年11月25日  周三  23：33"
1388,"2015年11月26日  周四  23：08"
1389,"2015年11月27日  周五  23：23"
1390,"2015年11月28日  周六  23：22"
1391,"2015年11月29日  周日  23：44"
1392,"2015年11月30日  周一  23：33"
1393,"2015年12月1日  周二  21：54"
1394,"2015年12月2日  周三  22：55"
1395,"2015年12月3日  周四  22：38"
1396,"2015年12月4日  周五  22：46"
1397,"2015年12月5日  周六  23：38"
1398,"2015年12月6日  周日  23：34"
1399,"2015年12月7日  周一  23：22"
1400,"2015年12月8日  周二  22：22"
1401,"2015年12月9日  周三  23：05"
1402,"2015年12月10日  周四  23：34"
1403,"2015年12月11日  周五  23：15"
1404,"2015年12月12日  周六  23：38"
1405,"2015年12月13日  周日  22：59"
1406,"2015年12月14日  周一  22：49"
1407,"2015年12月15日  周二  23：35"
1408,"2015年12月16日  周三  23：38"
1409,"2015年12月17日  周四  23：34"
1410,"2015年12月18日  周五  23：30"
1411,"2015年12月19日  周六  23：15"
1412,"2015年12月20日  周日  23：42"
1413,"2015年12月21日  周一  22：58"
1414,"2015年12月22日  周二  23：49"
1415,"2015年12月23日  周三  22：19"
1416,"2015年12月24日  周四  23：33"
1417,"2015年12月25日  周五  22：22"
1418,"2015年12月26日  周六  23：25"
1419,"2015年12月27日  周日  23：35"
1420,"2015年12月28日  周一  23：45"
1421,"2015年12月29日  周二  21：56"
1422,"2015年12月31日  周四  22：55"
1423,"2016年1月1日  周五  23：10"
1424,"2016年1月2日  周六  23：34"
1425,"2016年1月3日  周日  23：52"
1426,"2016年1月4日  周一  23：40"
1427,"2016年1月5日  周二  23：45"
1428,"2016年1月6日  周三  22：36"
1429,"2016年1月7日  周四  22：59"
1430,"2016年1月8日  周五  23：21"
1431,"2016年1月9日  周六  23：37"
1432,"2016年1月10日  周日  23：47"
1433,"2016年1月11日  周一  22：11"
1434,"2016年1月12日  周二  22：34"
1435,"2016年1月13日  周三  22：55"
1436,"2016年1月14日  周四  23：26"
1437,"2016年1月15日  周五  23：49"
1438,"2016年1月16日  周六  23：28"
1439,"2016年1月17日  周日  23：06"
1440,"2016年1月18日  周一  23：37"
1441,"2016年1月19日  周二  23：11"
1442,"2016年1月20日  周三  23：02"
1443,"2016年1月21日  周四  22：40"
1444,"2016年1月22日  周五  23：12"
1445,"2016年1月23日  周六  23：25"
1446,"2016年1月24日  周日  23：16"
1447,"2016年1月25日  周一  22：56"
1448,"2016年1月26日  周二  23：00"
1449,"2016年1月27日  周三  23：34"
1450,"2016年1月28日  周四  23：27"
1451,"2016年1月29日  周五  23：20"
1452,"2016年1月30日  周六  23：30"
1453,"2016年1月31日  周日  23：40"
1454,"2016年2月1日  周一  23：18"
1455,"2016年2月2日  周二  23：33"
1456,"2016年2月3日  周三  23：21"
1457,"2016年2月4日  周四  23：38"
1458,"2016年2月5日  周五  23：20"
1459,"2016年2月6日  周六  23：14"
1460,"2016年2月7日  周日  23：46"
1461,"2016年2月8日  周一  23：36"
1462,"2016年2月9日  周二  22：40"
1463,"2016年2月10日  周三  22：48"
1464,"2016年2月11日  周四  21：48"
1465,"2016年2月12日  周五  23：19"
1466,"2016年2月13日  周六  23：32"
1467,"2016年2月14日  周日  23：14"
1468,"2016年2月15日  周一  23：30"
1469,"2016年2月16日  周二  23：05"
1470,"2016年2月17日  周三  23：41"
1471,"2016年2月18日  周四  23：02"
1472,"2016年2月19日  周五  23：35"
1473,"2016年2月20日  周六  23：44"
1474,"2016年2月21日  周日  23：30"
1475,"2016年2月22日  周一  23：24"
1476,"2016年2月23日  周二  23：44"
1477,"2016年2月24日  周三  23：38"
1478,"2016年2月25日  周四  23：03"
1479,"2016年2月26日  周五  23：18"
1480,"2016年2月27日  周六  20：39"
1481,"2016年2月28日  周日  23：23"
1482,"2016年2月29日  周一  22：36"
1483,"2016年3月1日  周二  23：44"
1484,"2016年3月2日  周三  25：59"
1485,"2016年3月3日  周四  22：55"
1486,"2016年3月4日  周五  23：27"
1487,"2016年3月5日  周六  23：06"
1488,"2016年3月6日  周日  21：58"
1489,"2016年3月7日  周一  22：57"
1490,"2016年3月8日  周二  23：08"
1491,"2016年3月9日  周三  23：03"
1492,"2016年3月10日  周四  23：23"
1493,"2016年3月11日  周五  23：32"
1494,"2016年3月12日  周六  23：50"
1495,"2016年3月13日  周日  22：41"
1496,"2016年3月14日  周一  22：31"
1497,"2016年3月15日  周二  22：34"
1498,"2016年3月16日  周三  22：56"
1499,"2016年3月17日  周四  23：14"
1500,"2016年3月18日  周五  23：09"
1501,"2016年3月19日  周六  22：21"
1502,"2016年3月20日  周日  22：40"
1503,"2016年3月21日  周一  22：48"
1504,"2016年3月22日  周二  22：57"
1505,"2016年3月23日  周三  22：48"
1506,"2016年3月24日  周四  23：39"
1507,"2016年3月25日  周五  22：34"
1508,"2016年3月26日  周六  23：08"
1509,"2016年3月27日  周日  23：22"
1510,"2016年3月28日  周一  23：07"
1511,"2016年3月29日  周二  23：08"
1512,"2016年3月30日  周三  23：02"
1513,"2016年3月31日  周四  23：36"
1514,"2016年4月1日  周五  23：27"
1515,"2016年4月2日  周六  23：23"
1516,"2016年4月3日  周日  23：17"
1517,"2016年4月4日  周一  22：51"
1518,"2016年4月5日  周二  22：01"
1519,"2016年4月6日  周三  22：57"
1520,"2016年4月7日  周四  22：43"
1521,"2016年4月8日  周五  23：27"
1522,"2016年4月9日  周六  23：31"
1523,"2016年4月10日  周日  22：20"
1524,"2016年4月11日  周一  22：37"
1525,"2016年4月12日  周二  23：28"
1526,"2016年4月13日  周三  22：47"
1527,"2016年4月14日  周四  22：54"
1528,"2016年4月15日  周五  22：52"
1529,"2016年4月16日  周六  22：57"
1530,"2016年4月17日  周日  23：05"
1531,"2016年4月18日  周一  22：30"
1532,"2016年4月19日  周二  23：17"
1533,"2016年4月20日  周三  23：19"
1534,"2016年4月21日  周四  23：03"
1535,"2016年4月22日  周五  22：51"
1536,"2016年4月23日  周六  23：08"
1537,"2016年4月24日  周日  23：06"
1538,"2016年4月25日  周一  23：41"
1539,"2016年4月26日  周二  23：39"
1540,"2016年4月27日  周三  23：41"
1541,"2016年4月28日  周四  23：25"
1542,"2016年4月29日  周五  23：32"
1543,"2016年4月30日  周六  23：21"
1544,"2016年5月1日  周日  23：28"
1545,"2016年5月2日  周一  23：28"
1546,"2016年5月3日  周二  23：22"
1547,"2016年5月4日  周三  23：35"
1548,"2016年5月5日  周四  23：42"
1549,"2016年5月6日  周五  23：48"
1550,"2016年5月7日  周六  23：10"
1551,"2016年5月8日  周日  23：46"
1552,"2016年5月9日  周一  23：36"
1553,"2016年5月10日  周二  23：32"
1554,"2016年5月11日  周三  23：45"
1555,"2016年5月12日  周四  23：44"
1556,"2016年5月13日  周五  23：23"
1557,"2016年5月14日  周六  23：41"
1558,"2016年5月15日  周日  23：22"
1559,"2016年5月16日  周一  23：27"
1560,"2016年5月17日  周二  23：34"
1561,"2016年5月18日  周三  23：43"
1562,"2016年5月19日  周四  23：53"
1563,"2016年5月21日  周六  23：47"
1564,"2016年5月22日  周日  23：32"
1565,"2016年5月23日  周一  23：49"
1566,"2016年5月24日  周二  23：38"
1567,"2016年5月25日  周三  23：43"
1568,"2016年5月26日  周四  23：42"
1569,"2016年5月27日  周五  23：41"
1570,"2016年5月28日  周六  23：33"
1571,"2016年5月29日  周日  23：47"
1572,"2016年5月30日  周一  23：23"
1573,"2016年5月31日  周二  23：28"
1574,"2016年6月1日  周三  23：34"
1575,"2016年6月2日  周四  23：34"
1576,"2016年6月3日  周五  23：31"
1577,"2016年6月4日  周六  23：28"
1578,"2016年6月5日  周日  24：11"
1579,"2016年6月6日  周一  23：37"
1580,"2016年6月7日  周二  23：34"
1581,"2016年6月8日  周三  23：39"
1582,"2016年6月9日  周四  23：44"
1583,"2016年6月10日  周五  23：35"
1584,"2016年6月11日  周六  23：50"
1585,"2016年6月12日  周日  23：33"
1586,"2016年6月13日  周一  22：51"
1587,"2016年6月14日  周二  23：37"
1588,"2016年6月15日  周三  23：25"
1589,"2016年6月16日  周四  22：43"
1590,"2016年6月17日  周五  22：59"
1591,"2016年6月18日  周六  23：41"
1592,"2016年6月19日  周日  23：44"
1593,"2016年6月20日  周一  23：46"
1594,"2016年6月21日  周二  22：58"
1595,"2016年6月22日  周三  23：41"
1596,"2016年6月23日  周四  23：38"
1597,"2016年6月24日  周五  23：08"
1598,"2016年6月25日  周六  23：29"
1599,"2016年6月26日  周日  22：58"
1600,"2016年6月27日  周一  23：38"
1601,"2016年6月28日  周二  23：39"
1602,"2016年6月29日  周三  23：29"
1603,"2016年6月29日  周四  23：57"
1604,"2016年7月1日  周五  23：26"
1605,"2016年7月2日  周六  23：44"
1606,"2016年7月3日  周日  23：27"
1607,"2016年7月4日  周一  23：30"
1608,"2016年7月5日  周二  23：23"
1609,"2016年7月6日  周三  23：30"
1610,"2016年7月7日  周四  22：39"
1611,"2016年7月8日  周五  23：24"
1612,"2016年7月9日  周六  22：40"
1613,"2016年7月10日  周日  22：55"
1614,"2016年7月11日  周一  22：22"
1615,"2016年7月12日  周二  22：50"
1616,"2016年7月13日  周三  23：14"
1617,"2016年7月14日  周四  23：12"
1618,"2016年7月15日  周五  23：22"
1619,"2016年7月16日  周六  23：11"
1620,"2016年7月17日  周日  23：50"
1621,"2016年7月18日  周一  23：38"
1622,"2016年7月19日  周二  23：32"
1623,"2016年7月20日  周三  23：52"
1624,"2016年7月21日  周四  23：28"
1625,"2016年7月22日  周五  23：36"
1626,"2016年7月23日  周六  23：20"
1627,"2016年7月24日  周日  22：39"
1628,"2016年7月25日  周一  23：11"
1629,"2016年7月26日  周二  22：58"
1630,"2016年7月27日  周三  23：15"
1631,"2016年7月28日  周四  23：06"
1632,"2016年7月29日  周五  22：57"
1633,"2016年7月30日  周六  22：35"
1634,"2016年7月31日  周日  23：06"
1635,"2016年8月1日  周一  23：39"
1636,"2016年8月2日  周二  23：20"
1637,"2016年8月3日  周三  23：42"
1638,"2016年8月4日  周四  23：25"
1639,"2016年8月5日  周五  23：38"
1640,"2016年8月6日  周六  23：19"
1641,"2016年8月7日  周日  23：42"
1642,"2016年8月8日  周一  23：25"
1643,"2016年8月9日  周二  22：59"
1644,"2016年8月10日  周三  23：21"
1645,"2016年8月11日  周四  23：16"
1646,"2016年8月12日  周五  23：20"
1647,"2016年8月13日  周六  23：31"
1648,"2016年8月14日  周日  23：11"
1649,"2016年8月15日  周一  23：54"
1650,"2016年8月16日  周二  23：06"
1651,"2016年8月17日  周三  23：50"
1652,"2016年8月18日  周四  22：50"
1653,"2016年8月19日  周五  23：45"
1654,"2016年8月20日  周六  22：53"
1655,"2016年8月21日  周日  23：27"
1656,"2016年8月22日  周一  22：46"
1657,"2016年8月23日  周二  23：07"
1658,"2016年8月24日  周三  23：10"
1659,"2016年8月25日  周四  23：14"
1660,"2016年8月26日  周五  23：32"
1661,"2016年8月27日  周六  23：52"
1662,"2016年8月28日  周日  23：49"
1663,"2016年8月29日  周一  23：30"
1664,"2016年8月30日  周二  23：16"
1665,"2016年8月31日  周三  22：37"
1666,"2016年9月1日  周四  23：23"
1667,"2016年9月2日  周五  23：41"
1668,"2016年9月3日  周六  23：08"
1669,"2016年9月4日  周日  23：21"
1670,"2016年9月5日  周一  23：19"
1671,"2016年9月6日  周二  22：36"
1672,"2016年9月7日  周三  23：48"
1673,"2016年9月8日  周四  23：20"
1674,"2016年9月9日  周五  23：01"
1675,"2016年9月10日  周六  23：42"
1676,"2016年9月11日  周日  22：49"
1677,"2016年9月12日  周一  22：39"
1678,"2016年9月13日  周二  23：26"
1679,"2016年9月14日  周三  23：12"
1680,"2016年9月15日  周四  23：46"
1681,"2016年9月16日  周五  23：28"
1682,"2016年9月17日  周六  23：02"
1683,"2016年9月18日  周日  22：56"
1684,"2016年9月19日  周一  23：31"
1685,"2016年9月20日  周二  22：45"
1686,"2016年9月21日  周三  23：14"
1687,"2016年9月22日  周四  23：15"
1688,"2016年9月23日  周五  23：55"
1689,"2016年9月24日  周六  23：16"
1690,"2016年9月25日  周日  24：01"
1691,"2016年9月26日  周一  22：44"
1692,"2016年9月27日  周二  23：35"
1693,"2016年9月28日  周三  23：18"
1694,"2016年9月29日  周四  22：48"
1695,"2016年9月30日  周五  23：36"
1696,"2016年10月1日  周六  23：16"
1697,"2016年10月2日  周日  22：36"
1698,"2016年10月3日  周一  23：31"
1699,"2016年10月4日  周二  22：54"
1700,"2016年10月5日  周三  22：51"
1701,"2016年10月6日  周四  22：40"
1702,"2016年10月7日  周五  18：41"
1703,"2016年10月8日  周六  23：16"
1704,"2016年10月9日  周日  22：43"
1705,"2016年10月10日  周一  22：54"
1706,"2016年10月11日  周二  23：09"
1707,"2016年10月12日  周三  23：49"
1708,"2016年10月13日  周四  23：15"
1709,"2016年10月14日  周五  23：27"
1710,"2016年10月15日  周六  23：05"
1711,"2016年10月16日  周日  23：11"
1712,"2016年10月17日  周一  23：2"
1713,"2016年10月18日  周二  18：19"
1714,"2016年10月19日  周三  23：41"
1715,"2016年10月20日  周四  22：40"
1716,"2016年10月21日  周五  18：20"
1717,"2016年10月22日  周六  23：10"
1718,"2016年10月23日  周日  22：51"
1719,"2016年10月24日  周一  23：32"
1720,"2016年10月25日  周二  18：17"
1721,"2016年10月26日  周三  23：29"
1722,"2016年10月27日  周四  23：25"
1723,"2016年10月28日  周五  24：30"
1724,"2016年10月29日  周六  22：52"
1725,"2016年10月30日  周日  23：16"
1726,"2016年10月31日  周一  23：56"
1727,"2016年11月1日  周二  23：34"
1728,"2016年11月2日  周三  23：11"
1729,"2016年11月3日  周四  23：51"
1730,"2016年11月4日  周五  23：49"
1731,"2016年11月5日  周六  23：54"
1732,"2016年11月6日  周日  18：26"
1733,"2016年11月7日  周一  23：45"
1734,"2016年11月8日  周二  18：07"
1735,"2016年11月9日  周三  23：49"
1736,"2016年11月10日  周四  23：45"
1737,"2016年11月12日  周六  23：51"
1738,"2016年11月13日  周日  24：02"
1739,"2016年11月14日  周一  23：46"
1740,"2016年11月15日  周二  18：20"
1741,"2016年11月16日  周三  23：40"
1742,"2016年11月17日  周四  23：41"
1743,"2016年11月18日  周五  23：00"
1744,"2016年11月19日  周六  23：52"
1745,"2016年11月20日  周日  22：57"
1746,"2016年11月21日  周一  23：13"
1747,"2016年11月22日  周二  17：21"
1748,"2016年11月23日  周三  24：00"
1749,"2016年11月24日  周四  23：53"
1750,"2016年11月26日  周六  23：54"
1751,"2016年11月27日  周日  18：26"
1752,"2016年11月28日  周一  22：47"
1753,"2016年11月29日  周二  18：42"
1754,"2016年11月30日  周三  23：41"
1755,"2016年12月1日  周四  23：45"
1756,"2016年12月2日  周五  23：50"
1757,"2016年12月3日  周六  23：58"
1758,"2016年12月4日  周日  23：48"
1759,"2016年12月5日  周一  23：39"
1760,"2016年12月6日  周二  18：08"
1761,"2016年12月7日  周三  23：35"
1762,"2016年12月8日  周四  22：46"
1763,"2016年12月9日  周五  23：56"
1764,"2016年12月10日  周六  22：56"
1765,"2016年12月11日  周日  18：10"
1766,"2016年12月12日  周一  23：48"
1767,"2016年12月13日  周二  23：24"
1768,"2016年12月14日  周三  23：56"
1769,"2016年12月15日  周四  23：20"
1770,"2016年12月16日  周五  24：14"
1771,"2016年12月17日  周六  23：55"
1772,"2016年12月18日  周日  23：37"
1773,"2016年12月19日  周一  24：00"
1774,"2016年12月20日  周二  23：55"
1775,"2016年12月21日  周三  23：56"
1776,"2016年12月22日  周四  23：16"
1777,"2016年12月23日  周五  23：30"
1778,"2016年12月24日  周六  21：57"
1779,"2016年12月25日  周日  23：07"
1780,"2016年12月26日  周一  23：47"
1781,"2016年12月27日  周二  18：36"
1782,"2016年12月28日  周三  22：27"
1783,"2016年12月29日  周四  22：19"
1784,"2016年12月30日  周五  23：57"
1785,"2016年12月31日  周六  22：21"
1786,"2017年1月1日  周日  23：16"
1787,"2017年1月2日  周一  23：01"
1788,"2017年1月3日  周二  18：35"
1789,"2017年1月4日  周三  23：54"
1790,"2017年1月6日  周五  23：47"
1791,"2017年1月7日  周六  24：15"
1792,"2017年1月8日  周日  23：56"
1793,"2017年1月9日  周一  17：47"
1794,"2017年1月10日  周二  24：17"
1795,"2017年1月11日  周三  23：09"
1796,"2017年1月12日  周四  22：54"
1797,"2017年1月13日  周五  23：42"
1798,"2017年1月14日  周六  23：58"
1799,"2017年1月15日  周日  23：41"
1800,"2017年1月16日  周一  23：56"
1801,"2017年1月17日  周二  23：40"
1802,"2017年1月18日  周三  23：00"
1803,"2017年1月19日  周四  23：32"
1804,"2017年1月20日  周五  22：32"
1805,"2017年1月21日  周六  23：45"
1806,"2017年1月22日  周日  24：08"
1807,"2017年1月23日  周一  24：12"
1808,"2017年1月24日  周二  23：28"
1809,"2017年1月25日  周三  23：52"
1810,"2017年1月26日  周四  23：48"
1811,"2017年1月27日  周五  24：29"
1812,"2017年1月28日  周六  22：49"
1813,"2017年1月29日  周日  23：27"
1814,"2017年1月30日  周一  24：14"
1815,"2017年1月31日  周二  23：28"
1816,"2017年2月1日  周三  22：47"
1817,"2017年2月2日  周四  23：01"
1818,"2017年2月3日  周五  22：38"
1819,"2017年2月4日  周六  23：25"
1820,"2017年2月5日  周日  23：04"
1821,"2017年2月6日  周一  23：30"
1822,"2017年2月7日  周二  23：42"
1823,"2017年2月8日  周三  23：35"
1824,"2017年2月9日  周四  23：46"
1825,"2017年2月10日  周五  23：05"
1826,"2017年2月11日  周六  23：08"
1827,"2017年2月12日  周日  23：38"
1828,"2017年2月13日  周一  23：44"
1829,"2017年2月14日  周二  23：56"
1830,"2017年2月15日  周三  23：43"
1831,"2017年2月16日  周四  23：39"
1832,"2017年2月17日  周五  20：48"
1833,"2017年2月18日  周六  22：48"
1834,"2017年2月19日  周日  21：11"
1835,"2017年2月20日  周一  22：58"
1836,"2017年2月21日  周二  20：32"
1837,"2017年2月22日  周三  22：39"
1838,"2017年2月23日  周四  22：51"
1839,"2017年2月24日  周五  23：46"
1840,"2017年2月25日  周六  23：56"
1841,"2017年2月26日  周日  22：2"
1842,"2017年2月27日  周一  23：57"
1843,"2017年2月28日  周二  23：47"
1844,"2017年3月1日  周三  24：02"
1845,"2017年3月2日  周四  23：32"
1846,"2017年3月3日  周五  22：33"
1847,"2017年3月4日  周六  22：51"
1848,"2017年3月5日  周日  22：32"
1849,"2017年3月6日  周一  23：15"
1850,"2017年3月7日  周二  23：29"
1851,"2017年3月8日  周三  22：47"
1852,"2017年3月9日  周四  22：59"
1853,"2017年3月10日  周五  23：58"
1854,"2017年3月11日  周六  22：56"
1855,"2017年3月12日  周日  22：58"
1856,"2017年3月13日  周一  20：38"
1857,"2017年3月14日  周二  22：36"
1858,"2017年3月15日  周三  17：56"
1859,"2017年3月16日  周四  22：51"
1860,"2017年3月17日  周五  23：16"
1861,"2017年3月18日  周六  23：26"
1862,"2017年3月19日  周日  22：34"
1863,"2017年3月20日  周一  23：02"
1864,"2017年3月21日  周二  24：04"
1865,"2017年3月22日  周三  23：26"
1866,"2017年3月23日  周四  23：32"
1867,"2017年3月24日  周五  23：36"
1868,"2017年3月25日  周六  22：45"
1869,"2017年3月26日  周日  22：06"
1870,"2017年3月27日  周一  23：39"
1871,"2017年3月28日  周二  23：45"
1872,"2017年3月29日  周三  21：21"
1873,"2017年3月30日  周四  23：27"
1874,"2017年3月31日  周五  23：08"
1875,"2017年4月1日  周六  22：32"
1876,"2017年4月2日  周日  23：05"
1877,"2017年4月3日  周一  22：58"
1878,"2017年4月4日  周一  24：37"
1879,"2017年4月5日  周二  22：50"
1880,"2017年4月7日  周四  22：36"
1881,"2017年4月8日  周六  23：57"
1882,"2017年4月9日  周日  23：32"
1883,"2017年4月10日  周一  23：26"
1884,"2017年4月11日  周二  23：42"
1885,"2017年4月12日  周三  22：21"
1886,"2017年4月13日  周四  23：49"
1887,"2017年4月14日  周五  23：49"
1888,"2017年4月15日  周六  22：02"
1889,"2017年4月16日  周日  22：46"
1890,"2017年4月17日  周一  23：14"
1891,"2017年4月18日  周二  22：41"
1892,"2017年4月19日  周三  22：43"
1893,"2017年4月21日  周五  22：46"
1894,"2017年4月22日  周六  23：12"
1895,"2017年4月23日  周日  22：40"
1896,"2017年4月24日  周一  23：37"
1897,"2017年4月25日  周二  22：57"
1898,"2017年4月26日  周三  22：23"
1899,"2017年4月27日  周四  23：50"
1900,"2017年4月28日  周五  23：54"
1901,"2017年4月29日  周六  24：04"
1902,"2017年4月30日  周日  22：49"
1903,"2017年5月1日  周一  24：04"
1904,"2017年5月3日  周三  22：48"
1905,"2017年5月4日  周四  22：40"
1906,"2017年5月5日  周五  23：06"
1907,"2017年5月6日  周六  23：39"
1908,"2017年5月7日  周日  21：46"
1909,"2017年5月8日  周一  21：23"
1910,"2017年5月9日  周二  22：21"
1911,"2017年5月10日  周三  21：56"
1912,"2017年5月12日  周五  22：52"
1913,"2017年5月13日  周六  21：31"
1914,"2017年5月14日  周日  22：09"
1915,"2017年5月15日  周一  21：15"
1916,"2017年5月16日  周二  22：04"
1917,"2017年5月17日  周三  21：28"
1918,"2017年5月18日  周四  22：45"
1919,"2017年5月19日  周五  23：52"
1920,"2017年5月20日  周六  23：19"
1921,"2017年5月21日  周日  24：17"
1922,"2017年5月22日  周一  23：44"
1923,"2017年5月23日  周二  24：23"
1924,"2017年5月24日  周三  23：32"
1925,"2017年5月25日  周四  23：48"
1926,"2016年5月26日  周五  23：45"
1927,"2017年5月27日  周六  23：24"
1928,"2017年5月28日  周日  23：22"
1929,"2017年5月29日  周一  24：16"
1930,"2017年5月30日  周二  23：56"
1931,"2017年5月31日  周三  23：50"
1932,"2017年6月1日  周四  23：07"
1933,"2017年6月2日  周五  23：03"
1934,"2017年6月3日  周六  24：06"
1935,"2017年6月4日  周日  22：51"
1936,"2017年6月5日  周一  22：37"
1937,"2017年6月6日  周二  22：24"
1938,"2017年6月7日  周三  23：06"
1939,"2017年6月8日  周四  24：07"
1940,"2017年6月9日  周五  23：30"
1941,"2017年6月10日  周六  23：12"
1942,"2017年6月11日  周日  24：23"
1943,"2017年6月12日  周一  23：26"
1944,"2017年6月13日  周二  21：47"
1945,"2017年6月14日  周三  24：19"
1946,"2017年6月15日  周四  22：46"
1947,"2017年6月16日  周五  23：57"
1948,"2017年6月17日  周六  21：32"
1949,"2017年6月18日  周日  23：10"
1950,"2017年6月19日  周一  23：05"
1951,"2017年6月20日  周二  23：40"
1952,"2017年6月21日  周三  23：26"
1953,"2017年6月22日  周四  23：19"
1954,"2017年6月23日  周五  23：54"
1955,"2017年6月24日  周六  23：06"
1956,"2017年6月25日  周日  24：10"
1957,"2017年6月26日  周一  23：51"
1958,"2017年6月27日  周二  23：38"
1959,"2017年6月28日  周三  24：00"
1960,"2017年6月29日  周四  22：58"
1961,"2017年6月30日  周五  22：30"
1962,"2017年7月1日  周六  24：28"
1963,"2017年7月2日  周日  25：14"
1964,"2017年7月3日  周一  23：29"
1965,"2017年7月4日  周二  22：44"
1966,"2017年7月5日  周三  22：38"
1967,"2017年7月6日  周四  22：37"
1968,"2017年7月7日  周五  23：35"
1969,"2017年7月8日  周六  22：51"
1970,"2017年7月9日  周日  22：20"
1971,"2017年7月10日  周一  23：48"
1972,"2017年7月11日  周二  23：03"
1973,"2017年7月12日  周三  23：22"
1974,"2017年7月13日  周四  22：04"
1975,"2017年7月14日  周五  22：33"
1976,"2017年7月15日  周六  23：25"
1977,"2017年7月16日  周日  23：10"
1978,"2017年7月17日  周一  22：56"
1979,"2017年7月18日  周二  23：23"
1980,"2017年7月19日  周三  23：05"
1981,"2017年7月20日  周四  22：42"
1982,"2017年7月21日  周五  23：31"
1983,"2017年7月22日  周六  23：54"
1984,"2017年7月23日  周日  23：38"
1985,"2017年7月24日  周一  24：33"
1986,"2017年7月25日  周二  23：52"
1987,"2017年7月26日  周三  23：24"
1988,"2017年7月27日  周四  23：50"
1989,"2017年7月28日  周五  23：26"
1990,"2017年7月29日  周六  23：51"
1991,"2017年7月30日  周日  23：00"
1992,"2017年7月31日  周一  24：05"
1993,"2017年8月1日  周二  24：14"
1994,"2017年8月2日  周三  23：25"
1995,"2017年8月3日  周四  24：10"
1996,"2017年8月4日  周五  23：47"
1997,"2017年8月5日  周六  25：09"
1998,"2017年8月6日  周日  23：28"
1999,"2017年8月7日  周一  23：52"
2000,"2017年8月8日  周二  22：20"
2001,"2017年8月9日  周三  23：45"
2002,"2017年8月10日  周四  23：41"
2003,"2017年8月11日  周五  23：58"
2004,"2017年8月12日  周六  23：07"
2005,"2017年8月13日  周日  22：43"
2006,"2017年8月14日  周一  23：38"
2007,"2017年8月15日  周二  23：46"
2008,"2017年8月16日  周三  23：26"
2009,"2017年8月17日  周四  23：52"
2010,"2017年8月18日  周五  23：44"
2011,"2017年8月19日  周六  23：31"
2012,"2017年8月20日  周日  23：05"
2013,"2017年8月21日  周一  23：40"
2014,"2017年8月22日  周二  23：04"
2015,"2017年8月23日  周三  23：51"
2016,"2017年8月24日  周四  23：01"
2017,"2017年8月25日  周五  22：56"
2018,"2017年8月26日  周六  22：55"
2019,"2017年8月27日  周日  23：44"
2020,"2017年8月28日  周一  24：08"
2021,"2017年8月29日  周二  22：46"
2022,"2017年8月30日  周三  23：24"
2023,"2017年8月31日  周四  23：07"
2024,"2017年9月1日  周五  23：24"
2025,"2017年9月2日  周六  21：59"
2026,"2017年9月3日  周日  23：37"
2027,"2017年9月4日  周一  23：11"
2028,"2017年9月5日  周二  24：13"
2029,"2017年9月6日  周三  22：52"
2030,"2017年9月7日  周四  23：39"
2031,"2017年9月8日  周五  23：25"
2032,"2017年9月9日  周六  23：24"
2033,"2017年9月10日  周日  23：04"
2034,"2017年9月11日  周一  22：26"
2035,"2017年9月12日  周二  23：34"
2036,"2017年9月13日  周三  21：15"
2037,"2017年9月14日  周四  23：16"
2038,"2017年9月15日  周五  23：57"
2039,"2017年9月16日  周六  23：17"
2040,"2017年9月17日  周日  23：52"
2041,"2017年9月18日  周一  23：27"
2042,"2017年9月19日  周二  23：07"
2043,"2017年9月20日  周三  24：04"
2044,"2017年9月21日  周四  23：34"
2045,"2017年9月22日  周五  24：24"
2046,"2017年9月23日  周六  24：28"
2047,"2017年9月24日  周日  24：07"
2048,"2017年9月25日  周一  24：12"
2049,"2017年9月26日  周二  24：01"
2050,"2017年9月27日  周三  23：39"
2051,"2017年9月28日  周四  22：53"
2052,"2017年9月29日  周五  24：47"
2053,"2017年9月30日  周六  23：30"
2054,"2017年10月1日  周日  23：44"
2055,"2017年10月2日  周一  23：01"
2056,"2017年10月3日  周二  22：40"
2057,"2017年10月4日  周三  23：39"
2058,"2017年10月5日  周四  23：28"
2059,"2017年10月6日  周五  23：45"
2060,"2017年10月7日  周六  24：09"
2061,"2017年10月8日  周日  23：38"
2062,"2017年10月9日  周一  22：31"
2063,"2017年10月10日  周二  22：37"
2064,"2017年10月11日  周三  23：36"
2065,"2017年10月12日  周四  23：58"
2066,"2017年10月13日  周五  22：38"
2067,"2017年10月14日  周六  22：26"
2068,"2017年10月15日  周日  23：29"
2069,"2017年10月16日  周一  23：47"
2070,"2017年10月17日  周二  23：15"
2071,"2017年10月18日  周三  23：36"
2072,"2017年10月19日  周四  24：26"
2073,"2017年10月20日  周五  24：13"
2074,"2017年10月21日  周六  23：57"
2075,"2017年10月22日  周日  24：11"
2076,"2017年10月23日  周一  23：51"
2077,"2017年10月24日  周二  24：20"
2078,"2017年10月25日  周三  22：47"
2079,"2017年10月26日  周四  24：24"
2080,"2017年10月27日  周五  23：51"
2081,"2017年10月28日  周六  22：37"
2082,"2017年10月29日  周日  23：58"
2083,"2017年10月30日  周一  23：51"
2084,"2017年10月31日  周二  23：48"
2085,"2017年11月1日  周三  23：05"
2086,"2017年11月3日  周五  22：38"
2087,"2017年11月4日  周六  22：54"
2088,"2017年11月5日  周日  24：27"
2089,"2017年11月7日  周二  22：50"
2090,"2017年11月8日  周三  24：40"
2091,"2017年11月9日  周四  23：46"
2092,"2017年11月10日  周五  24：23"
2093,"2017年11月11日  周六  23：19"
2094,"2017年11月12日  周日  23：17"
2095,"2017年11月13日  周一  23：32"
2096,"2017年11月14日  周二  24：05"
2097,"2017年11月15日  周三  23：11"
2098,"2017年11月16日  周四  24：31"
2099,"2017年11月17日  周五  24：08"
2100,"2017年11月18日  周六  22：39"
2101,"2017年11月19日  周日  24：04"
2102,"2017年11月20日  周一  23：24"
2103,"2017年11月21日  周二  23：45"
2104,"2017年11月22日  周三  23：25"
2105,"2017年11月23日  周四  24：15"
2106,"2017年11月24日  周五  22：46"
2107,"2017年11月25日  周六  22：03"
2108,"2017年11月26日  周日  22：09"
2109,"2017年11月27日  周一  23：41"
2110,"2017年11月28日  周二  24：03"
2111,"2017年11月29日  周三  23：13"
2112,"2017年11月30日  周四  23：07"
2113,"2017年12月1日  周五  22：57"
2114,"2017年12月2日  周六  24：06"
2115,"2017年12月3日  周日  22：34"
2116,"2017年12月4日  周一  23：36"
2117,"2017年12月5日  周二  22：11"
2118,"2017年12月6日  周三  23：53"
2119,"2017年12月7日  周四  24：35"
2120,"2017年12月8日  周五  23：43"
2121,"2017年12月9日  周六  22：44"
2122,"2017年12月10日  周日  23：44"
2123,"2017年12月11日  周一  22：09"
2124,"2017年12月12日  周二  22：15"
2125,"2017年12月13日  周三  23：08"
2126,"2017年12月14日  周四  23：55"
2127,"2017年12月15日  周五  24：03"
2128,"2017年12月16日  周六  24：03"
2129,"2017年12月17日  周日  24：26"
2130,"2017年12月18日  周一  23：02"
2131,"2017年12月19日  周二  23：05"
2132,"2017年12月20日  周三  23：27"
2133,"2017年12月21日  周四  23：48"
2134,"2017年12月22日  周五  24：02"
2135,"2017年12月23日  周六  23：47"
2136,"2017年12月24日  周日  24：21"
2137,"2017年12月25日  周一  24：24"
2138,"2017年12月26日  周二  23：14"
2139,"2017年12月27日  周三  24：18"
2140,"2017年12月28日  周四  24：14"
2141,"2017年12月29日  周五  23：49"
2142,"2017年12月30日  周六  24：10"
2143,"2017年12月31日  周日  22：16"
2144,"2018年1月1日  周一  22：39"
2145,"2018年1月2日  周二  22：31"
2146,"2018年1月3日  周三  22：47"
2147,"2018年1月4日  周四  24：12"
2148,"2018年1月5日  周五  24：09"
2149,"2018年1月6日  周六  24：00"
2150,"2018年1月7日  周日  23：35"
2151,"2018年1月8日  周一  23：54"
2152,"2018年1月9日  周二  24：11"
2153,"2018年1月10日  周三  24：34"
2154,"2018年1月11日  周四  24：29"
2155,"2018年1月12日  周五  23：35"
2156,"2018年1月13日  周六  23：53"
2157,"2018年1月14日  周日  24：20"
2158,"2018年1月15日  周一  23：53"
2159,"2018年1月16日  周二  23：54"
2160,"2018年1月17日  周三  24：03"
2161,"2018年1月18日  周四  23：47"
2162,"2018年1月19日  周五  23：52"
2163,"2018年1月20日  周六  23：39"
2164,"2018年1月21日  周日  24：27"
2165,"2018年1月22日  周一  23：22"
2166,"2018年1月23日  周二  23：55"
2167,"2018年1月24日  周三  24：01"
2168,"2018年1月25日  周四  22：37"
2169,"2018年1月26日  周五  23：23"
2170,"2018年1月27日  周六  24：07"
2171,"2018年1月28日  周日  23：46"
2172,"2018年1月29日  周一  23：29"
2173,"2018年1月30日  周二  22：59"
2174,"2018年1月31日  周三  22：25"
2175,"2018年2月1日  周四  24：01"
2176,"2018年2月2日  周五  23：57"
2177,"2018年2月3日  周六  24：51"
2178,"2018年2月4日  周日  23：49"
2179,"2018年2月5日  周一  23：52"
2180,"2018年2月6日  周二  24：21"
2181,"2018年2月7日  周三  24：09"
2182,"2018年2月8日  周四  24：21"
2183,"2018年2月9日  周五  22：56"
2184,"2018年2月10日  周六  24：45"
2185,"2018年2月11日  周日  24：37"
2186,"2018年2月12日  周一  24：34"
2187,"2018年2月13日  周二  23：47"
2188,"2018年2月14日  周三  24：27"
2189,"2018年2月15日  周四  24：42"
2190,"2018年2月16日  周五  22：29"
2191,"2018年2月17日  周六  22：44"
2192,"2018年2月18日  周日  23：47"
2193,"2018年2月20日  周二  24：10"
2194,"2018年2月21日  周三  24：41"
2195,"2018年2月22日  周四  24：09"
2196,"2018年2月23日  周五  24：57"
2197,"2018年2月24日  周六  23：48"
2198,"2018年2月25日  周日  25：06"
2199,"2018年2月26日  周一  24：20"
2200,"2018年2月27日  周二  25：03"
2201,"2018年2月28日  周三  22：46"
2202,"2018年3月1日  周四  22：38"
2203,"2018年3月2日  周五  24：31"
2204,"2018年3月3日  周六  24：18"
2205,"2018年3月4日  周日  23：04"
2206,"2018年3月5日  周一  24：43"
2207,"2018年3月6日  周二  24：24"
2208,"2018年3月7日  周三  24：30"
2209,"2018年3月8日  周四  22：52"
2210,"2018年3月9日  周五  23：56"
2211,"2018年3月10日  周六  24：00"
2212,"2018年3月11日  周日  24：51"
2213,"2018年3月12日  周一  24：09"
2214,"2018年3月13日  周二  23：59"
2215,"2018年3月14日  周三  23：36"
2216,"2018年3月15日  周四  24：10"
2217,"2018年3月16日  周五  23：23"
2218,"2018年3月17日  周六  22：49"
2219,"2018年3月18日  周日  23：49"
2220,"2018年3月19日  周一  24：30"
2221,"2018年3月20日  周二  23：54"
2222,"2018年3月21日  周三  22：49"
2223,"2018年3月22日  周四  23：13"
2224,"2018年3月23日  周五  23：37"
2225,"2018年3月24日  周六  22：02"
2226,"2018年3月25日  周日  22：48"
2227,"2018年3月26日  周一  23：39"
2228,"2018年3月27日  周二  23：51"
2229,"2018年3月28日  周三  23：54"
2230,"2018年3月29日  周四  23：26"
2231,"2018年3月30日  周五  23：11"
2232,"2018年3月31日  周六  21：50"
2233,"2018年4月1日  周日  23：56"
2234,"2018年4月2日  周一  23：27"
2235,"2018年4月3日  周二  24：19"
2236,"2018年4月4日  周三  23：28"
2237,"2018年4月5日  周四  23：27"
2238,"2018年4月6日  周五  23：37"
2239,"2018年4月7日  周六  23：36"
2240,"2018年4月8日  周日  23：38"
2241,"2018年4月9日  周一  23：43"
2242,"2018年4月10日  周二  23：16"
2243,"2018年4月11日  周三  23：11"
2244,"2018年4月12日  周四  22：44"
2245,"2018年4月13日  周五  22：46"
2246,"2018年4月14日  周六  23：53"
2247,"2018年4月15日  周日  23：01"
2248,"2018年4月16日  周一  23：26"
2249,"2018年4月17日  周二  22：34"
2250,"2018年4月18日  周三  23：33"
2251,"2018年4月19日  周四  22：43"
2252,"2018年4月20日  周五  22：55"
2253,"2018年4月21日  周六  23：19"
2254,"2018年2月22日  周日  23：55"
2255,"2018年2月23日  周一  23：44"
2256,"2018年4月24日  周二  23：38"
2257,"2018年4月25日  周三  23：16"
2258,"2018年4月26日  周四  23：59"
2259,"2018年4月27日  周五  23：55"
2260,"2018年4月28日  周六  24：04"
2261,"2018年4月29日  周日  24：16"
2262,"2018年4月30日  周一  23：50"
2263,"2018年5月1日  周二  23：57"
2264,"2018年5月2日  周三  23：56"
2265,"2018年5月3日  周四  23：26"
2266,"2018年5月4日  周五  22：22"
2267,"2018年5月5日  周六  23：07"
2268,"2018年5月6日  周日  24：26"
2269,"2018年5月7日  周一  22：41"
2270,"2018年5月8日  周二  22：07"
2271,"2018年5月9日  周三  24：00"
2272,"2018年5月10日  周四  23：31"
2273,"2018年5月11日  周五  22：27"
2274,"2018年5月12日  周六  23：49"
2275,"2018年5月13日  周日  24：27"
2276,"2018年5月14日  周一  23：36"
2277,"2018年5月15日  周二  23：08"
2278,"2018年5月16日  周三  23：10"
2279,"2018年5月17日  周四  23：30"
2280,"2018年5月18日  周五  23：01"
2281,"2018年5月19日  周六  23：47"
2282,"2018年5月21日  周一  23：30"
2283,"2018年5月22日  周二  24：06"
2284,"2018年5月23日  周三  24：03"
2285,"2018年5月24日  周四  23：48"
2286,"2018年5月26日  周六  22：58"
2287,"2018年5月27日  周日  23：24"
2288,"2018年5月28日  周一  23：40"
2289,"2018年5月29日  周二  24：18"
2290,"2018年5月30日  周三  24：08"
2291,"2018年5月31日  周四  22：23"
2292,"2018年6月1日  周五  23：10"
2293,"2018年6月2日  周六  22：23"
2294,"2018年6月3日  周日  22：23"
2295,"2018年6月4日  周一  22：18"
2296,"2018年6月5日  周二  23：07"
2297,"2018年6月6日  周三  24：05"
2298,"2018年6月7日  周四  23：56"
2299,"2018年6月8日  周五  22：53"
2300,"2018年6月9日  周六  22：04"
2301,"2018年6月10日  周日  23：25"
2302,"2018年6月11日  周一  23：50"
2303,"2018年6月13日  周三  24：01"
2304,"2018年6月14日  周四  23：36"
2305,"2018年6月15日  周五  22：29"
2306,"2018年6月16日  周六  24：16"
2307,"2018年6月17日  周日  23：14"
2308,"2018年6月18日  周一  24：04"
2309,"2018年6月19日  周二  23：45"
2310,"2018年6月20日  周三  23：15"
2311,"2018年6月21日  周四  23：46"
2312,"2018年6月22日  周五  23：43"
2313,"2018年6月23日  周六  22：20"
2314,"2018年6月24日  周日  23：17"
2315,"2018年6月25日  周一  23：12"
2316,"2018年6月26日  周二  23：15"
2317,"2018年6月27日  周三  22：09"
2318,"2018年6月28日  周四  23：02"
2319,"2018年6月29日  周五  23：28"
2320,"2018年6月30日  周六  23：56"
2321,"2018年7月1日  周日  22：27"
2322,"2018年7月2日  周一  22：03"
2323,"2018年7月3日  周二  22：13"
2324,"2018年7月4日  周三  21：58"
2325,"2018年7月5日  周四  22：13"
2326,"2018年7月6日  周五  24：02"
2327,"2018年7月7日  周六  22：00"
2328,"2018年7月8日  周日  23：13"
2329,"2018年7月9日  周一  24：02"
2330,"2018年7月10日  周二  24：09"
2331,"2018年7月11日  周三  23：58"
2332,"2018年7月12日  周四  23：29"
2333,"2018年7月13日  周五  23：17"
2334,"2018年7月14日  周六  23：28"
2335,"2018年7月15日  周日  23：04"
2336,"2018年7月16日  周一  22：54"
2337,"2018年7月17日  周二  23：39"
2338,"2018年7月18日  周三  24：01"
2339,"2018年7月19日  周四  23：28"
2340,"2018年7月20日  周五  25：50"
2341,"2018年7月22日  周日  22：53"
2342,"2018年7月23日  周一  23：48"
2343,"2018年7月24日  周二  23：40"
2344,"2018年7月25日  周三  23：55"
2345,"2018年7月26日  周四  24：05"
2346,"2018年7月27日  周五  22：16"
2347,"2018年7月28日  周日  22：01"
2348,"2018年7月29日  周日  22：36"
2349,"2018年7月30日  周一  21：53"
2350,"2018年7月31日  周二  24：39"
2351,"2018年8月1日  周三  22：10"
2352,"2018年8月2日  周四  22：15"
2353,"2018年8月4日  周六  21：17"
2354,"2018年8月5日  周日  23：19"
2355,"2018年8月6日  周一  23：45"
2356,"2018年8月7日  周二  23：30"
2357,"2018年8月8日  周三  23：31"
2358,"2018年8月9日  周四  22：43"
2359,"2018年8月10日  周五  22：30"
2360,"2018年8月11日  周六  22：07"
2361,"2018年8月12日  周日  23：22"
2362,"2018年8月13日  周一  23：21"
2363,"2018年8月14日  周二  22：26"
2364,"2018年8月15日  周三  22：24"
2365,"2018年8月16日  周四  22：15"
2366,"2018年8月17日  周五  22：51"
2367,"2018年8月18日  周六  21：46"
2368,"2018年8月19日  周日  22：00"
2369,"2018年8月20日  周一  22：45"
2370,"2018年8月21日  周二  21：42"
2371,"2018年8月22日  周三  23：24"
2372,"2018年8月23日  周四  23：58"
2373,"2018年8月24日  周五  22：48"
2374,"2018年8月25日  周六  22：17"
2375,"2018年8月26日  周日  21：57"
2376,"2018年8月27日  周一  25：33"
2377,"2018年8月28日  周二  23：42"
2378,"2018年8月29日  周三  23：57"
2379,"2018年8月30日  周四  22：16"
2380,"2018年8月31日  周五  23：03"
2381,"2018年9月1日  周日  22：05"
2382,"2018年9月2日  周日  22：39"
2383,"2018年9月3日  周一  23：14"
2384,"2018年9月4日  周二  24：08"
2385,"2018年9月5日  周三  22：06"
2386,"2018年9月6日  周四  22：17"
2387,"2018年9月7日  周五  21：52"
2388,"2018年9月8日  周六  21：46"
2389,"2018年9月9日  周日  22：52"
2390,"2018年9月10日  周一  23：44"
2391,"2018年9月11日  周二  22：06"
2392,"2018年9月12日  周三  21：51"
2393,"2018年9月13日  周四  23：26"
2394,"2018年9月14日  周五  21：57"
2395,"2018年9月15日  周六  22：52"
2396,"2018年9月16日  周日  22：11"
2397,"2018年9月17日  周一  23：49"
2398,"2018年9月18日  周二  22：37"
2399,"2018年9月19日  周三  21：50"
2400,"2018年9月20日  周四  22：33"
2401,"2018年9月21日  周五  22：34"
2402,"2018年9月22日  周六  22：05"
2403,"2018年9月23日  周日  21：40"
2404,"2018年9月24日  周一  22：38"
2405,"2018年9月25日  周二  22：44"
2406,"2018年9月26日  周三  22：06"
2407,"2018年9月27日  周四  23：16"
2408,"2018年9月28日  周五  23：02"
2409,"2018年9月29日  周六  21：59"
